sampl_day;group;sex;season;individual;daily_count
1;8PDMZ;FEMALE;NONMATING;Afaka;5
1;8PDMZ;FEMALE;NONMATING;Litchi;1
1;8PDMZ;MALE;NONMATING;Lova;1
1;8PDMZ;MALE;NONMATING;Tafita;6
2;8PDMZ;MALE;NONMATING;Tafita;14
2;8PDMZ;MALE;NONMATING;Tia;2
3;8PDMZ;MALE;NONMATING;Lova;3
3;8PDMZ;MALE;NONMATING;Tia;1
4;8PDMZ;FEMALE;NONMATING;Afaka;1
4;8PDMZ;MALE;NONMATING;Lova;2
4;8PDMZ;MALE;NONMATING;Tafita;3
4;8PDMZ;MALE;NONMATING;Tia;1
5;8PDMZ;FEMALE;NONMATING;Afaka;1
5;8PDMZ;MALE;NONMATING;Tafita;1
5;8PDMZ;MALE;NONMATING;Tia;2
6;6PDMZ;FEMALE;NONMATING;Diane;1
6;6PDMZ;MALE;NONMATING;Hasina;1
6;6PDMZ;MALE;NONMATING;Hery;1
7;6PDMZ;FEMALE;NONMATING;Diane;2
7;6PDMZ;MALE;NONMATING;Hasina;1
7;6PDMZ;MALE;NONMATING;Hery;16
8;6PDMZ;FEMALE;NONMATING;Masina;1
8;6PDMZ;MALE;NONMATING;Hery;1
9;4PDMZ;FEMALE;NONMATING;Volana;3
9;4PDMZ;MALE;NONMATING;Faly;1
9;4PDMZ;MALE;NONMATING;Faniry;2
9;4PDMZ;MALE;NONMATING;Feno;1
9;4PDMZ;MALE;NONMATING;Tantely;2
10;4PDMZ;FEMALE;NONMATING;Volana;2
10;4PDMZ;MALE;NONMATING;Faly;2
10;4PDMZ;MALE;NONMATING;Feno;4
11;4PDMZ;FEMALE;NONMATING;Volana;5
11;4PDMZ;MALE;NONMATING;Faly;3
11;4PDMZ;MALE;NONMATING;Feno;4
11;4PDMZ;MALE;NONMATING;Tantely;3
12;4PDMZ;FEMALE;NONMATING;Volana;1
12;4PDMZ;MALE;NONMATING;Faniry;1
12;4PDMZ;MALE;NONMATING;Feno;9
12;4PDMZ;MALE;NONMATING;Tantely;2
13;4PDMZ;FEMALE;NONMATING;Volana;5
13;4PDMZ;MALE;NONMATING;Feno;3
14;6PDMZ;FEMALE;NONMATING;Diane;1
14;6PDMZ;MALE;NONMATING;Hery;1
15;6PDMZ;FEMALE;NONMATING;Diane;1
15;6PDMZ;MALE;NONMATING;Hasina;1
15;6PDMZ;MALE;NONMATING;Hery;5
16;6PDMZ;FEMALE;NONMATING;Diane;4
16;6PDMZ;MALE;NONMATING;Hasina;1
16;6PDMZ;MALE;NONMATING;Hery;3
17;8PDMZ;FEMALE;NONMATING;Afaka;5
17;8PDMZ;MALE;NONMATING;Lova;6
17;8PDMZ;MALE;NONMATING;Tafita;10
17;8PDMZ;MALE;NONMATING;Tia;1
18;8PDMZ;FEMALE;NONMATING;Afaka;1
18;8PDMZ;MALE;NONMATING;Lova;4
18;8PDMZ;MALE;NONMATING;Tafita;7
19;3PDMZ;FEMALE;PRE/MATING;Orchide;13
19;3PDMZ;FEMALE;PRE/MATING;Siramamy;5
19;3PDMZ;MALE;PRE/MATING;Bisky;1
19;3PDMZ;MALE;PRE/MATING;Fotsiloha;13
19;3PDMZ;MALE;PRE/MATING;Mike;1
19;3PDMZ;MALE;PRE/MATING;Pink;1
20;3PDMZ;FEMALE;PRE/MATING;Orchide;7
20;3PDMZ;FEMALE;PRE/MATING;Siramamy;2
20;3PDMZ;MALE;PRE/MATING;Bisky;1
20;3PDMZ;MALE;PRE/MATING;Fotsiloha;10
20;3PDMZ;MALE;PRE/MATING;Mike;2
20;3PDMZ;MALE;PRE/MATING;Pink;1
21;3PDMZ;FEMALE;PRE/MATING;Orchide;7
21;3PDMZ;FEMALE;PRE/MATING;Rahona;1
21;3PDMZ;MALE;PRE/MATING;Bisky;1
21;3PDMZ;MALE;PRE/MATING;Fotsiloha;7
21;3PDMZ;MALE;PRE/MATING;Mike;1
21;3PDMZ;MALE;PRE/MATING;Pink;1
22;4PDMZ;FEMALE;PRE/MATING;Volana;14
22;4PDMZ;MALE;PRE/MATING;Faly;3
22;4PDMZ;MALE;PRE/MATING;Faniry;3
22;4PDMZ;MALE;PRE/MATING;Feno;10
22;4PDMZ;MALE;PRE/MATING;Tantely;8
23;4PDMZ;FEMALE;PRE/MATING;Volana;16
23;4PDMZ;MALE;PRE/MATING;Faly;2
23;4PDMZ;MALE;PRE/MATING;Faniry;2
23;4PDMZ;MALE;PRE/MATING;Feno;11
23;4PDMZ;MALE;PRE/MATING;Tantely;6
24;4PDMZ;FEMALE;PRE/MATING;Volana;2
24;4PDMZ;MALE;PRE/MATING;Faly;1
24;4PDMZ;MALE;PRE/MATING;Feno;7
24;4PDMZ;MALE;PRE/MATING;Tantely;6
25;6PDMZ;FEMALE;PRE/MATING;Diane;9
25;6PDMZ;FEMALE;PRE/MATING;Masina;4
25;6PDMZ;MALE;PRE/MATING;Hery;7
26;6PDMZ;FEMALE;PRE/MATING;Diane;7
26;6PDMZ;FEMALE;PRE/MATING;Masina;7
26;6PDMZ;MALE;PRE/MATING;Hery;15
27;6PDMZ;FEMALE;PRE/MATING;Masina;3
27;6PDMZ;MALE;PRE/MATING;Hery;4
28;6PDMZ;FEMALE;PRE/MATING;Diane;1
28;6PDMZ;FEMALE;PRE/MATING;Masina;5
28;6PDMZ;MALE;PRE/MATING;Hery;27
29;6PDMZ;FEMALE;PRE/MATING;Diane;4
29;6PDMZ;FEMALE;PRE/MATING;Masina;3
29;6PDMZ;MALE;PRE/MATING;Hasina;1
29;6PDMZ;MALE;PRE/MATING;Hery;6
30;8PDMZ;FEMALE;PRE/MATING;Afaka;2
30;8PDMZ;MALE;PRE/MATING;Tafita;1
31;8PDMZ;FEMALE;PRE/MATING;Afaka;7
31;8PDMZ;MALE;PRE/MATING;Tafita;27
31;8PDMZ;MALE;PRE/MATING;Tia;1
32;3PDMZ;FEMALE;PRE/MATING;Orchide;13
32;3PDMZ;MALE;PRE/MATING;Fotsiloha;6
33;8PDMZ;FEMALE;PRE/MATING;Afaka;3
33;8PDMZ;MALE;PRE/MATING;Lova;3
33;8PDMZ;MALE;PRE/MATING;Tafita;10
33;8PDMZ;MALE;PRE/MATING;Tia;8
34;2PDMZ;FEMALE;PRE/MATING;Green;1
34;2PDMZ;FEMALE;PRE/MATING;Tandra;3
34;2PDMZ;MALE;PRE/MATING;Kaly;5
35;2PDMZ;FEMALE;PRE/MATING;Onja;6
35;2PDMZ;FEMALE;PRE/MATING;Tandra;10
35;2PDMZ;MALE;PRE/MATING;Joby;4
35;2PDMZ;MALE;PRE/MATING;Kaly;32
36;4PDMZ;FEMALE;PRE/MATING;Volana;22
36;4PDMZ;MALE;PRE/MATING;Faly;2
36;4PDMZ;MALE;PRE/MATING;Feno;10
37;4PDMZ;FEMALE;PRE/MATING;Volana;10
37;4PDMZ;MALE;PRE/MATING;Faly;6
37;4PDMZ;MALE;PRE/MATING;Faniry;2
37;4PDMZ;MALE;PRE/MATING;Feno;29
37;4PDMZ;MALE;PRE/MATING;Tantely;3
38;4PDMZ;FEMALE;PRE/MATING;Volana;3
38;4PDMZ;MALE;PRE/MATING;Faly;11
38;4PDMZ;MALE;PRE/MATING;Feno;5
38;4PDMZ;MALE;PRE/MATING;Tantely;3
39;3PDMZ;FEMALE;PRE/MATING;Orchide;4
39;3PDMZ;FEMALE;PRE/MATING;Siramamy;2
39;3PDMZ;MALE;PRE/MATING;Bisky;2
39;3PDMZ;MALE;PRE/MATING;Fotsiloha;20
39;3PDMZ;MALE;PRE/MATING;Mike;3
40;3PDMZ;MALE;PRE/MATING;Fotsiloha;6
40;3PDMZ;MALE;PRE/MATING;Mike;11
41;3PDMZ;FEMALE;PRE/MATING;Orchide;4
41;3PDMZ;FEMALE;PRE/MATING;Siramamy;3
41;3PDMZ;MALE;PRE/MATING;Mike;2
42;2PDMZ;FEMALE;PRE/MATING;Onja;11
42;2PDMZ;FEMALE;PRE/MATING;Tandra;7
42;2PDMZ;MALE;PRE/MATING;Joby;10
42;2PDMZ;MALE;PRE/MATING;Kaly;6
43;2PDMZ;FEMALE;PRE/MATING;Tandra;5
44;2PDMZ;FEMALE;NONMATING;Tandra;2
44;2PDMZ;MALE;NONMATING;Gigi;2
44;2PDMZ;MALE;NONMATING;Joby;4
44;2PDMZ;MALE;NONMATING;Tsikivy;4
45;2PDMZ;FEMALE;NONMATING;Onja;1
45;2PDMZ;FEMALE;NONMATING;Tandra;2
45;2PDMZ;MALE;NONMATING;Blue;1
45;2PDMZ;MALE;NONMATING;Gigi;10
45;2PDMZ;MALE;NONMATING;Joby;3
45;2PDMZ;MALE;NONMATING;Tsikivy;2
46;2PDMZ;FEMALE;NONMATING;Green;2
46;2PDMZ;FEMALE;NONMATING;Kintana;1
46;2PDMZ;FEMALE;NONMATING;Onja;5
46;2PDMZ;FEMALE;NONMATING;Tandra;4
46;2PDMZ;MALE;NONMATING;Gigi;2
46;2PDMZ;MALE;NONMATING;Joby;2
47;2PDMZ;MALE;NONMATING;Gigi;9
47;2PDMZ;MALE;NONMATING;Joby;2
48;3PDMZ;FEMALE;NONMATING;Orchide;8
48;3PDMZ;FEMALE;NONMATING;Rahona;2
48;3PDMZ;FEMALE;NONMATING;Siramamy;1
48;3PDMZ;MALE;NONMATING;Bisky;1
48;3PDMZ;MALE;NONMATING;Fotsiloha;9
48;3PDMZ;MALE;NONMATING;Mike;4
49;3PDMZ;FEMALE;NONMATING;Orchide;2
49;3PDMZ;MALE;NONMATING;Fotsiloha;5
49;3PDMZ;MALE;NONMATING;Mike;2
50;3PDMZ;FEMALE;NONMATING;Orchide;1
50;3PDMZ;FEMALE;NONMATING;Siramamy;1
50;3PDMZ;MALE;NONMATING;Bisky;2
50;3PDMZ;MALE;NONMATING;Fotsiloha;4
50;3PDMZ;MALE;NONMATING;Mike;2
51;4PDMZ;FEMALE;NONMATING;Volana;8
51;4PDMZ;MALE;NONMATING;Faly;1
51;4PDMZ;MALE;NONMATING;Faniry;1
51;4PDMZ;MALE;NONMATING;Feno;9
51;4PDMZ;MALE;NONMATING;Tantely;6
52;4PDMZ;FEMALE;NONMATING;Volana;6
52;4PDMZ;MALE;NONMATING;Faly;2
52;4PDMZ;MALE;NONMATING;Faniry;2
52;4PDMZ;MALE;NONMATING;Feno;5
52;4PDMZ;MALE;NONMATING;Tantely;5
53;6PDMZ;FEMALE;NONMATING;Diane;4
53;6PDMZ;FEMALE;NONMATING;Masina;6
53;6PDMZ;MALE;NONMATING;Hasina;1
53;6PDMZ;MALE;NONMATING;Hery;12
54;6PDMZ;FEMALE;NONMATING;Masina;1
55;6PDMZ;FEMALE;NONMATING;Diane;7
55;6PDMZ;FEMALE;NONMATING;Masina;8
55;6PDMZ;MALE;NONMATING;Hasina;2
55;6PDMZ;MALE;NONMATING;Hery;13
56;6PDMZ;FEMALE;NONMATING;Diane;11
56;6PDMZ;FEMALE;NONMATING;Gavo;1
56;6PDMZ;FEMALE;NONMATING;Masina;4
56;6PDMZ;MALE;NONMATING;Akondro;1
56;6PDMZ;MALE;NONMATING;Hasina;6
56;6PDMZ;MALE;NONMATING;Hery;14
57;2PDMZ;FEMALE;NONMATING;Green;1
57;2PDMZ;FEMALE;NONMATING;Kintana;1
57;2PDMZ;FEMALE;NONMATING;Onja;3
57;2PDMZ;FEMALE;NONMATING;Tandra;2
57;2PDMZ;FEMALE;NONMATING;Voa;1
57;2PDMZ;MALE;NONMATING;Blue;1
57;2PDMZ;MALE;NONMATING;Gigi;3
57;2PDMZ;MALE;NONMATING;Joby;3
57;2PDMZ;MALE;NONMATING;Tsikivy;1
58;2PDMZ;FEMALE;NONMATING;Kintana;1
58;2PDMZ;FEMALE;NONMATING;Onja;1
58;2PDMZ;FEMALE;NONMATING;Voa;1
58;2PDMZ;MALE;NONMATING;Blue;1
58;2PDMZ;MALE;NONMATING;Gigi;1
58;2PDMZ;MALE;NONMATING;Joby;1
58;2PDMZ;MALE;NONMATING;Tsikivy;1
59;8PDMZ;FEMALE;NONMATING;Afaka;5
59;8PDMZ;MALE;NONMATING;Tafita;3
60;8PDMZ;FEMALE;NONMATING;Afaka;1
60;8PDMZ;FEMALE;NONMATING;Litchi;1
60;8PDMZ;MALE;NONMATING;Tafita;4
61;8PDMZ;FEMALE;NONMATING;Afaka;4
61;8PDMZ;FEMALE;NONMATING;Litchi;1
61;8PDMZ;MALE;NONMATING;Lova;2
62;2PDMZ;FEMALE;NONMATING;Green;1
62;2PDMZ;FEMALE;NONMATING;Kintana;2
62;2PDMZ;FEMALE;NONMATING;Onja;3
62;2PDMZ;FEMALE;NONMATING;Tandra;4
62;2PDMZ;FEMALE;NONMATING;Voa;1
62;2PDMZ;MALE;NONMATING;Gigi;9
62;2PDMZ;MALE;NONMATING;Joby;3
62;2PDMZ;MALE;NONMATING;Tsikivy;2
63;2PDMZ;FEMALE;NONMATING;Green;2
63;2PDMZ;FEMALE;NONMATING;Kintana;2
63;2PDMZ;FEMALE;NONMATING;Onja;3
63;2PDMZ;FEMALE;NONMATING;Tandra;1
63;2PDMZ;MALE;NONMATING;Blue;1
63;2PDMZ;MALE;NONMATING;Gigi;8
63;2PDMZ;MALE;NONMATING;Joby;1
63;2PDMZ;MALE;NONMATING;Tsikivy;3
64;2PDMZ;FEMALE;NONMATING;Kintana;3
64;2PDMZ;FEMALE;NONMATING;Onja;4
64;2PDMZ;FEMALE;NONMATING;Tandra;3
64;2PDMZ;FEMALE;NONMATING;Voa;1
64;2PDMZ;MALE;NONMATING;Gigi;6
64;2PDMZ;MALE;NONMATING;Joby;2
65;3PDMZ;FEMALE;NONMATING;Orchide;4
65;3PDMZ;FEMALE;NONMATING;Rahona;2
65;3PDMZ;FEMALE;NONMATING;Siramamy;2
65;3PDMZ;MALE;NONMATING;Bisky;2
65;3PDMZ;MALE;NONMATING;Fotsiloha;1
65;3PDMZ;MALE;NONMATING;Mike;1
66;8PDMZ;FEMALE;NONMATING;Afaka;2
66;8PDMZ;FEMALE;NONMATING;Litchi;2
66;8PDMZ;MALE;NONMATING;Lova;2
66;8PDMZ;MALE;NONMATING;Tafita;4
67;3PDMZ;FEMALE;NONMATING;Orchide;5
67;3PDMZ;FEMALE;NONMATING;Siramamy;2
67;3PDMZ;MALE;NONMATING;Fotsiloha;10
68;3PDMZ;FEMALE;NONMATING;Orchide;4
68;3PDMZ;MALE;NONMATING;Fotsiloha;5
68;3PDMZ;MALE;NONMATING;Mike;1
69;3PDMZ;FEMALE;NONMATING;Orchide;5
69;3PDMZ;FEMALE;NONMATING;Siramamy;3
69;3PDMZ;MALE;NONMATING;Bisky;1
69;3PDMZ;MALE;NONMATING;Fotsiloha;6
69;3PDMZ;MALE;NONMATING;Mike;8
69;3PDMZ;MALE;NONMATING;Pink;1
70;3PDMZ;FEMALE;NONMATING;Orchide;2
70;3PDMZ;FEMALE;NONMATING;Rahona;1
70;3PDMZ;FEMALE;NONMATING;Siramamy;1
70;3PDMZ;MALE;NONMATING;Bisky;1
70;3PDMZ;MALE;NONMATING;Fotsiloha;3
70;3PDMZ;MALE;NONMATING;Mike;4
71;4PDMZ;FEMALE;NONMATING;Volana;5
71;4PDMZ;MALE;NONMATING;Faly;2
71;4PDMZ;MALE;NONMATING;Faniry;3
71;4PDMZ;MALE;NONMATING;Feno;6
71;4PDMZ;MALE;NONMATING;Tantely;4
72;4PDMZ;FEMALE;NONMATING;Volana;12
72;4PDMZ;MALE;NONMATING;Faly;2
72;4PDMZ;MALE;NONMATING;Feno;5
72;4PDMZ;MALE;NONMATING;Tantely;4
73;4PDMZ;FEMALE;NONMATING;Volana;13
73;4PDMZ;MALE;NONMATING;Faly;5
73;4PDMZ;MALE;NONMATING;Faniry;2
73;4PDMZ;MALE;NONMATING;Feno;12
73;4PDMZ;MALE;NONMATING;Tantely;4
74;4PDMZ;FEMALE;NONMATING;Volana;9
74;4PDMZ;MALE;NONMATING;Faly;4
74;4PDMZ;MALE;NONMATING;Faniry;1
74;4PDMZ;MALE;NONMATING;Feno;8
74;4PDMZ;MALE;NONMATING;Tantely;13
75;8PDMZ;FEMALE;NONMATING;Afaka;3
75;8PDMZ;MALE;NONMATING;Tafita;3
75;8PDMZ;MALE;NONMATING;Tia;2
76;8PDMZ;FEMALE;NONMATING;Afaka;4
76;8PDMZ;FEMALE;NONMATING;Litchi;2
76;8PDMZ;MALE;NONMATING;Lova;4
76;8PDMZ;MALE;NONMATING;Papay;2
76;8PDMZ;MALE;NONMATING;Tafita;6
77;2PDMZ;FEMALE;NONMATING;Green;1
77;2PDMZ;FEMALE;NONMATING;Kintana;3
77;2PDMZ;FEMALE;NONMATING;Onja;2
77;2PDMZ;FEMALE;NONMATING;Tandra;3
77;2PDMZ;MALE;NONMATING;Gigi;9
77;2PDMZ;MALE;NONMATING;Tsikivy;1
78;2PDMZ;FEMALE;NONMATING;Kintana;4
78;2PDMZ;FEMALE;NONMATING;Onja;5
78;2PDMZ;FEMALE;NONMATING;Tandra;5
78;2PDMZ;MALE;NONMATING;Blue;1
78;2PDMZ;MALE;NONMATING;Gigi;2
78;2PDMZ;MALE;NONMATING;Tsikivy;1
79;2PDMZ;FEMALE;NONMATING;Green;1
79;2PDMZ;FEMALE;NONMATING;Onja;1
79;2PDMZ;FEMALE;NONMATING;Tandra;1
79;2PDMZ;MALE;NONMATING;Gigi;3
79;2PDMZ;MALE;NONMATING;Tsikivy;2
80;2PDMZ;FEMALE;NONMATING;Green;3
80;2PDMZ;FEMALE;NONMATING;Kintana;3
80;2PDMZ;FEMALE;NONMATING;Onja;3
80;2PDMZ;FEMALE;NONMATING;Tandra;3
80;2PDMZ;FEMALE;NONMATING;Voa;1
80;2PDMZ;MALE;NONMATING;Gigi;9
80;2PDMZ;MALE;NONMATING;Joby;4
81;6PDMZ;FEMALE;NONMATING;Diane;4
81;6PDMZ;FEMALE;NONMATING;Gavo;1
81;6PDMZ;FEMALE;NONMATING;Masina;8
81;6PDMZ;MALE;NONMATING;Hery;13
82;6PDMZ;FEMALE;NONMATING;Diane;5
82;6PDMZ;FEMALE;NONMATING;Gavo;1
82;6PDMZ;FEMALE;NONMATING;Masina;2
82;6PDMZ;MALE;NONMATING;Akondro;1
82;6PDMZ;MALE;NONMATING;Hasina;1
82;6PDMZ;MALE;NONMATING;Hery;11
83;6PDMZ;FEMALE;NONMATING;Diane;6
83;6PDMZ;FEMALE;NONMATING;Gavo;1
83;6PDMZ;FEMALE;NONMATING;Masina;5
83;6PDMZ;MALE;NONMATING;Hasina;1
83;6PDMZ;MALE;NONMATING;Hery;9
84;6PDMZ;FEMALE;PRE/MATING;Diane;9
84;6PDMZ;FEMALE;PRE/MATING;Gavo;1
84;6PDMZ;FEMALE;PRE/MATING;Masina;4
84;6PDMZ;MALE;PRE/MATING;Akondro;1
84;6PDMZ;MALE;PRE/MATING;Hasina;7
84;6PDMZ;MALE;PRE/MATING;Hery;7
85;3PDMZ;FEMALE;PRE/MATING;Orchide;7
85;3PDMZ;FEMALE;PRE/MATING;Siramamy;2
85;3PDMZ;MALE;PRE/MATING;Bisky;3
85;3PDMZ;MALE;PRE/MATING;Fotsiloha;2
85;3PDMZ;MALE;PRE/MATING;Mike;5
86;3PDMZ;FEMALE;PRE/MATING;Orchide;10
86;3PDMZ;FEMALE;PRE/MATING;Siramamy;2
86;3PDMZ;MALE;PRE/MATING;Bisky;2
86;3PDMZ;MALE;PRE/MATING;Mike;13
86;3PDMZ;MALE;PRE/MATING;Pink;1
87;3PDMZ;FEMALE;PRE/MATING;Orchide;13
87;3PDMZ;MALE;PRE/MATING;Andry;8
87;3PDMZ;MALE;PRE/MATING;Bisky;13
87;3PDMZ;MALE;PRE/MATING;Mike;24
87;3PDMZ;MALE;PRE/MATING;Pink;1
88;3PDMZ;FEMALE;PRE/MATING;Orchide;10
88;3PDMZ;FEMALE;PRE/MATING;Siramamy;1
88;3PDMZ;MALE;PRE/MATING;Andry;30
88;3PDMZ;MALE;PRE/MATING;Bisky;3
88;3PDMZ;MALE;PRE/MATING;Mike;8
88;3PDMZ;MALE;PRE/MATING;Pink;2
89;4PDMZ;FEMALE;PRE/MATING;Volana;7
89;4PDMZ;MALE;PRE/MATING;Faly;1
89;4PDMZ;MALE;PRE/MATING;Feno;7
89;4PDMZ;MALE;PRE/MATING;Tantely;1
90;4PDMZ;FEMALE;PRE/MATING;Volana;8
90;4PDMZ;MALE;PRE/MATING;Feno;14
90;4PDMZ;MALE;PRE/MATING;Tantely;3
91;4PDMZ;FEMALE;PRE/MATING;Volana;6
91;4PDMZ;MALE;PRE/MATING;Faly;2
91;4PDMZ;MALE;PRE/MATING;Faniry;1
91;4PDMZ;MALE;PRE/MATING;Feno;10
91;4PDMZ;MALE;PRE/MATING;Tantely;6
92;2PDMZ;FEMALE;PRE/MATING;Green;2
92;2PDMZ;FEMALE;PRE/MATING;Onja;4
92;2PDMZ;FEMALE;PRE/MATING;Tandra;6
92;2PDMZ;MALE;PRE/MATING;Gigi;17
92;2PDMZ;MALE;PRE/MATING;Joby;1
93;2PDMZ;FEMALE;PRE/MATING;Kintana;1
93;2PDMZ;FEMALE;PRE/MATING;Onja;5
93;2PDMZ;FEMALE;PRE/MATING;Tandra;6
93;2PDMZ;FEMALE;PRE/MATING;Voa;1
93;2PDMZ;MALE;PRE/MATING;Blue;2
93;2PDMZ;MALE;PRE/MATING;Gigi;13
93;2PDMZ;MALE;PRE/MATING;Joby;1
93;2PDMZ;MALE;PRE/MATING;Tsikivy;2
94;2PDMZ;FEMALE;PRE/MATING;Kintana;2
94;2PDMZ;FEMALE;PRE/MATING;Onja;7
94;2PDMZ;FEMALE;PRE/MATING;Tandra;5
94;2PDMZ;MALE;PRE/MATING;Gigi;6
94;2PDMZ;MALE;PRE/MATING;Joby;1
94;2PDMZ;MALE;PRE/MATING;Tsikivy;1
95;2PDMZ;FEMALE;PRE/MATING;Green;2
95;2PDMZ;FEMALE;PRE/MATING;Kintana;1
95;2PDMZ;FEMALE;PRE/MATING;Onja;5
95;2PDMZ;FEMALE;PRE/MATING;Tandra;10
95;2PDMZ;MALE;PRE/MATING;Gigi;35
95;2PDMZ;MALE;PRE/MATING;Joby;4
95;2PDMZ;MALE;PRE/MATING;Tsikivy;8
96;2PDMZ;FEMALE;PRE/MATING;Green;1
96;2PDMZ;FEMALE;PRE/MATING;Kintana;1
96;2PDMZ;FEMALE;PRE/MATING;Onja;1
96;2PDMZ;FEMALE;PRE/MATING;Tandra;3
96;2PDMZ;MALE;PRE/MATING;Gigi;15
96;2PDMZ;MALE;PRE/MATING;Tsikivy;1
98;2PDMZ;FEMALE;PRE/MATING;Green;1
98;2PDMZ;FEMALE;PRE/MATING;Onja;4
98;2PDMZ;FEMALE;PRE/MATING;Tandra;3
98;2PDMZ;MALE;PRE/MATING;Gigi;6
99;2PDMZ;FEMALE;PRE/MATING;Onja;1
99;2PDMZ;FEMALE;PRE/MATING;Tandra;2
99;2PDMZ;MALE;PRE/MATING;Blue;1
99;2PDMZ;MALE;PRE/MATING;Gigi;6
100;3PDMZ;FEMALE;PRE/MATING;Orchide;5
100;3PDMZ;FEMALE;PRE/MATING;Siramamy;1
100;3PDMZ;MALE;PRE/MATING;Andry;9
101;3PDMZ;FEMALE;PRE/MATING;Orchide;7
101;3PDMZ;FEMALE;PRE/MATING;Siramamy;3
101;3PDMZ;MALE;PRE/MATING;Andry;13
101;3PDMZ;MALE;PRE/MATING;Bisky;1
101;3PDMZ;MALE;PRE/MATING;Mike;2
102;3PDMZ;FEMALE;PRE/MATING;Orchide;17
102;3PDMZ;FEMALE;PRE/MATING;Siramamy;2
102;3PDMZ;MALE;PRE/MATING;Andry;26
103;3PDMZ;FEMALE;PRE/MATING;Orchide;7
103;3PDMZ;FEMALE;PRE/MATING;Siramamy;2
103;3PDMZ;MALE;PRE/MATING;Andry;8
103;3PDMZ;MALE;PRE/MATING;Mike;1
104;4PDMZ;FEMALE;PRE/MATING;Volana;20
104;4PDMZ;MALE;PRE/MATING;Feno;6
104;4PDMZ;MALE;PRE/MATING;Tantely;1
105;4PDMZ;FEMALE;PRE/MATING;Volana;6
105;4PDMZ;MALE;PRE/MATING;Feno;11
105;4PDMZ;MALE;PRE/MATING;Tantely;6
106;4PDMZ;FEMALE;PRE/MATING;Volana;8
106;4PDMZ;MALE;PRE/MATING;Feno;11
106;4PDMZ;MALE;PRE/MATING;Tantely;6
107;4PDMZ;FEMALE;PRE/MATING;Volana;18
107;4PDMZ;MALE;PRE/MATING;Faly;3
107;4PDMZ;MALE;PRE/MATING;Faniry;2
107;4PDMZ;MALE;PRE/MATING;Feno;6
107;4PDMZ;MALE;PRE/MATING;Tantely;17
108;2PDMZ;FEMALE;PRE/MATING;Onja;1
108;2PDMZ;FEMALE;PRE/MATING;Tandra;7
108;2PDMZ;MALE;PRE/MATING;Blue;2
108;2PDMZ;MALE;PRE/MATING;Gigi;27
109;3PDMZ;FEMALE;PRE/MATING;Orchide;34
109;3PDMZ;FEMALE;PRE/MATING;Siramamy;2
109;3PDMZ;MALE;PRE/MATING;Andry;6
