sampl_day;group;season;sex_ov;sex_ta;id_ov;daily_count
1;8PDMZ;NONMATING;MALE;FEMALE;Tafita;3
2;8PDMZ;NONMATING;MALE;MALE;Tafita;1
4;8PDMZ;NONMATING;MALE;MALE;Tafita;2
7;6PDMZ;NONMATING;FEMALE;FEMALE;Masina;1
7;6PDMZ;NONMATING;MALE;FEMALE;Hasina;1
7;6PDMZ;NONMATING;MALE;FEMALE;Hery;2
9;4PDMZ;NONMATING;MALE;MALE;Feno;1
10;4PDMZ;NONMATING;FEMALE;MALE;Volana;1
10;4PDMZ;NONMATING;MALE;FEMALE;Feno;2
10;4PDMZ;NONMATING;MALE;MALE;Faly;1
11;4PDMZ;NONMATING;FEMALE;MALE;Volana;1
11;4PDMZ;NONMATING;MALE;FEMALE;Feno;1
12;4PDMZ;NONMATING;MALE;MALE;Faly;1
12;4PDMZ;NONMATING;MALE;MALE;Feno;1
12;4PDMZ;NONMATING;MALE;MALE;Tantely;2
13;4PDMZ;NONMATING;MALE;FEMALE;Feno;2
13;4PDMZ;NONMATING;MALE;FEMALE;Tantely;1
16;6PDMZ;NONMATING;MALE;FEMALE;Hery;2
17;8PDMZ;NONMATING;FEMALE;MALE;Litchi;1
17;8PDMZ;NONMATING;MALE;FEMALE;Tafita;2
17;8PDMZ;NONMATING;MALE;MALE;Lova;1
18;8PDMZ;NONMATING;MALE;FEMALE;Tafita;1
18;8PDMZ;NONMATING;MALE;MALE;Lova;1
19;3PDMZ;PRE/MATING;FEMALE;FEMALE;Siramamy;1
19;3PDMZ;PRE/MATING;FEMALE;MALE;Orchide;2
19;3PDMZ;PRE/MATING;FEMALE;MALE;Siramamy;1
19;3PDMZ;PRE/MATING;MALE;FEMALE;Fotsiloha;11
20;3PDMZ;PRE/MATING;MALE;FEMALE;Fotsiloha;5
20;3PDMZ;PRE/MATING;MALE;MALE;Fotsiloha;1
21;3PDMZ;PRE/MATING;MALE;FEMALE;Fotsiloha;5
21;3PDMZ;PRE/MATING;MALE;MALE;Fotsiloha;1
21;3PDMZ;PRE/MATING;MALE;MALE;Pink;1
22;4PDMZ;PRE/MATING;FEMALE;MALE;Volana;2
22;4PDMZ;PRE/MATING;MALE;FEMALE;Feno;10
22;4PDMZ;PRE/MATING;MALE;MALE;Faly;1
22;4PDMZ;PRE/MATING;MALE;MALE;Feno;2
22;4PDMZ;PRE/MATING;MALE;MALE;Tantely;3
23;4PDMZ;PRE/MATING;MALE;FEMALE;Faniry;2
23;4PDMZ;PRE/MATING;MALE;FEMALE;Feno;11
23;4PDMZ;PRE/MATING;MALE;FEMALE;Tantely;1
23;4PDMZ;PRE/MATING;MALE;MALE;Faly;1
23;4PDMZ;PRE/MATING;MALE;MALE;Tantely;1
24;4PDMZ;PRE/MATING;FEMALE;MALE;Volana;1
24;4PDMZ;PRE/MATING;MALE;FEMALE;Feno;2
24;4PDMZ;PRE/MATING;MALE;MALE;Feno;2
24;4PDMZ;PRE/MATING;MALE;MALE;Tantely;1
25;6PDMZ;PRE/MATING;MALE;FEMALE;Hery;3
26;6PDMZ;PRE/MATING;FEMALE;MALE;Diane;1
26;6PDMZ;PRE/MATING;MALE;FEMALE;Hery;14
27;6PDMZ;PRE/MATING;MALE;FEMALE;Hery;2
28;6PDMZ;PRE/MATING;MALE;FEMALE;Hery;2
29;6PDMZ;PRE/MATING;MALE;FEMALE;Hery;2
29;6PDMZ;PRE/MATING;MALE;MALE;Hery;1
30;8PDMZ;PRE/MATING;MALE;FEMALE;Tafita;1
31;8PDMZ;PRE/MATING;MALE;FEMALE;Tafita;6
32;3PDMZ;PRE/MATING;MALE;FEMALE;Fotsiloha;8
33;8PDMZ;PRE/MATING;MALE;FEMALE;Tafita;3
34;2PDMZ;PRE/MATING;MALE;FEMALE;Kaly;3
35;2PDMZ;PRE/MATING;MALE;FEMALE;Kaly;14
36;4PDMZ;PRE/MATING;MALE;FEMALE;Feno;8
37;4PDMZ;PRE/MATING;MALE;FEMALE;Faly;1
37;4PDMZ;PRE/MATING;MALE;FEMALE;Feno;6
37;4PDMZ;PRE/MATING;MALE;MALE;Faly;1
38;4PDMZ;PRE/MATING;MALE;FEMALE;Feno;2
38;4PDMZ;PRE/MATING;MALE;MALE;Faly;2
38;4PDMZ;PRE/MATING;MALE;MALE;Feno;3
39;3PDMZ;PRE/MATING;MALE;FEMALE;Fotsiloha;2
41;3PDMZ;PRE/MATING;MALE;FEMALE;Fotsiloha;2
41;3PDMZ;PRE/MATING;MALE;MALE;Fotsiloha;1
42;2PDMZ;PRE/MATING;MALE;FEMALE;Joby;4
42;2PDMZ;PRE/MATING;MALE;FEMALE;Kaly;5
43;2PDMZ;PRE/MATING;MALE;FEMALE;Joby;1
44;2PDMZ;NONMATING;MALE;FEMALE;Gigi;1
45;2PDMZ;NONMATING;FEMALE;MALE;Tandra;2
45;2PDMZ;NONMATING;MALE;FEMALE;Gigi;3
46;2PDMZ;NONMATING;MALE;FEMALE;Gigi;5
46;2PDMZ;NONMATING;MALE;FEMALE;Joby;1
48;3PDMZ;NONMATING;MALE;FEMALE;Fotsiloha;8
51;4PDMZ;NONMATING;MALE;FEMALE;Feno;5
52;4PDMZ;NONMATING;MALE;FEMALE;Feno;2
53;6PDMZ;NONMATING;MALE;FEMALE;Hery;7
54;6PDMZ;NONMATING;MALE;FEMALE;Hery;1
55;6PDMZ;NONMATING;MALE;FEMALE;Hery;11
56;6PDMZ;NONMATING;MALE;FEMALE;Hery;7
57;2PDMZ;NONMATING;MALE;FEMALE;Gigi;1
59;8PDMZ;NONMATING;MALE;FEMALE;Tafita;3
61;8PDMZ;NONMATING;MALE;FEMALE;Tafita;1
62;2PDMZ;NONMATING;MALE;FEMALE;Gigi;2
63;2PDMZ;NONMATING;MALE;FEMALE;Gigi;3
64;2PDMZ;NONMATING;MALE;FEMALE;Gigi;2
65;3PDMZ;NONMATING;MALE;FEMALE;Bisky;1
65;3PDMZ;NONMATING;MALE;FEMALE;Fotsiloha;2
67;3PDMZ;NONMATING;MALE;FEMALE;Fotsiloha;2
69;3PDMZ;NONMATING;MALE;FEMALE;Fotsiloha;2
70;3PDMZ;NONMATING;MALE;FEMALE;Fotsiloha;4
71;4PDMZ;NONMATING;MALE;FEMALE;Feno;1
72;4PDMZ;NONMATING;MALE;FEMALE;Feno;5
72;4PDMZ;NONMATING;MALE;FEMALE;Tantely;2
73;4PDMZ;NONMATING;MALE;FEMALE;Feno;11
73;4PDMZ;NONMATING;MALE;MALE;Feno;1
74;4PDMZ;NONMATING;MALE;FEMALE;Feno;4
75;8PDMZ;NONMATING;MALE;FEMALE;Tafita;1
76;8PDMZ;NONMATING;MALE;FEMALE;Tafita;3
77;2PDMZ;NONMATING;MALE;FEMALE;Gigi;2
77;2PDMZ;NONMATING;MALE;FEMALE;Joby;1
78;2PDMZ;NONMATING;MALE;FEMALE;Gigi;8
80;2PDMZ;NONMATING;FEMALE;FEMALE;Onja;1
80;2PDMZ;NONMATING;MALE;FEMALE;Gigi;2
80;2PDMZ;NONMATING;MALE;FEMALE;Joby;2
81;6PDMZ;NONMATING;MALE;FEMALE;Hery;10
81;6PDMZ;NONMATING;MALE;MALE;Hery;1
82;6PDMZ;NONMATING;MALE;FEMALE;Hery;6
83;6PDMZ;NONMATING;FEMALE;MALE;Masina;1
83;6PDMZ;NONMATING;MALE;FEMALE;Hery;11
83;6PDMZ;NONMATING;MALE;MALE;Hasina;1
83;6PDMZ;NONMATING;MALE;MALE;Hery;1
84;6PDMZ;PRE/MATING;MALE;FEMALE;Hery;9
85;3PDMZ;PRE/MATING;MALE;FEMALE;Bisky;2
85;3PDMZ;PRE/MATING;MALE;FEMALE;Fotsiloha;2
85;3PDMZ;PRE/MATING;MALE;FEMALE;Mike;1
85;3PDMZ;PRE/MATING;MALE;FEMALE;Pink;1
86;3PDMZ;PRE/MATING;MALE;FEMALE;Mike;6
87;3PDMZ;PRE/MATING;MALE;FEMALE;Andry;2
87;3PDMZ;PRE/MATING;MALE;FEMALE;Bisky;1
87;3PDMZ;PRE/MATING;MALE;FEMALE;Mike;9
87;3PDMZ;PRE/MATING;MALE;MALE;Andry;11
87;3PDMZ;PRE/MATING;MALE;MALE;Bisky;1
88;3PDMZ;PRE/MATING;MALE;FEMALE;Andry;4
88;3PDMZ;PRE/MATING;MALE;FEMALE;Mike;5
88;3PDMZ;PRE/MATING;MALE;MALE;Andry;9
89;4PDMZ;PRE/MATING;MALE;FEMALE;Feno;2
90;4PDMZ;PRE/MATING;MALE;FEMALE;Faly;1
90;4PDMZ;PRE/MATING;MALE;FEMALE;Feno;5
90;4PDMZ;PRE/MATING;MALE;FEMALE;Tantely;1
90;4PDMZ;PRE/MATING;MALE;MALE;Feno;1
90;4PDMZ;PRE/MATING;MALE;MALE;Tantely;2
91;4PDMZ;PRE/MATING;FEMALE;MALE;Volana;1
91;4PDMZ;PRE/MATING;MALE;FEMALE;Feno;1
91;4PDMZ;PRE/MATING;MALE;FEMALE;Tantely;1
91;4PDMZ;PRE/MATING;MALE;MALE;Tantely;1
92;2PDMZ;PRE/MATING;FEMALE;FEMALE;Tandra;1
92;2PDMZ;PRE/MATING;FEMALE;MALE;Tandra;1
92;2PDMZ;PRE/MATING;MALE;FEMALE;Gigi;3
92;2PDMZ;PRE/MATING;MALE;MALE;Joby;2
93;2PDMZ;PRE/MATING;MALE;FEMALE;Gigi;7
93;2PDMZ;PRE/MATING;MALE;FEMALE;Joby;1
94;2PDMZ;PRE/MATING;FEMALE;FEMALE;Tandra;1
94;2PDMZ;PRE/MATING;MALE;FEMALE;Gigi;4
95;2PDMZ;PRE/MATING;FEMALE;FEMALE;Tandra;1
95;2PDMZ;PRE/MATING;FEMALE;MALE;Onja;1
95;2PDMZ;PRE/MATING;FEMALE;MALE;Tandra;1
95;2PDMZ;PRE/MATING;MALE;FEMALE;Gigi;13
95;2PDMZ;PRE/MATING;MALE;MALE;Tsikivy;1
96;2PDMZ;PRE/MATING;MALE;FEMALE;Gigi;5
98;2PDMZ;PRE/MATING;MALE;FEMALE;Gigi;7
99;2PDMZ;PRE/MATING;MALE;FEMALE;Gigi;3
100;3PDMZ;PRE/MATING;FEMALE;MALE;Siramamy;1
100;3PDMZ;PRE/MATING;MALE;FEMALE;Andry;4
100;3PDMZ;PRE/MATING;MALE;FEMALE;Mike;1
101;3PDMZ;PRE/MATING;MALE;FEMALE;Andry;4
102;3PDMZ;PRE/MATING;MALE;FEMALE;Andry;15
103;3PDMZ;PRE/MATING;MALE;FEMALE;Andry;4
104;4PDMZ;PRE/MATING;MALE;FEMALE;Feno;16
105;4PDMZ;PRE/MATING;MALE;FEMALE;Feno;5
105;4PDMZ;PRE/MATING;MALE;MALE;Tantely;1
106;4PDMZ;PRE/MATING;MALE;FEMALE;Feno;3
107;4PDMZ;PRE/MATING;FEMALE;MALE;Volana;1
107;4PDMZ;PRE/MATING;MALE;FEMALE;Feno;11
107;4PDMZ;PRE/MATING;MALE;FEMALE;Tantely;1
107;4PDMZ;PRE/MATING;MALE;MALE;Feno;1
108;2PDMZ;PRE/MATING;MALE;FEMALE;Gigi;7
109;3PDMZ;PRE/MATING;MALE;FEMALE;Andry;13
109;3PDMZ;PRE/MATING;MALE;FEMALE;Mike;1
