GPS_code;focal_group;group;dyad;aggression;escaped;lon;lat;date;month;years;marking
8PDF09MA-RE GP6;8PDMZ;encounter_pd6;8PD_6PD;yes;6PDMZ;48.459486;-18.975156;09/10/2019 08:41;October;2019;yes
2PD19-232AL-REPD6;2PDMZ;encounter_pd6;2PD_6PD;yes;2PDMZ; 48.463299 ; -18.976454 ;25/07/2019 08:26;July;2019;yes
6PD9MAL-REPD2;6PDMZ;encounter_pd2;6PD_2PD;yes;2PDMZ; 48.463343 ; -18.975282 ;03/09/2019 08:25;September;2019;yes
2PD19-20RE;2PDMZ;encounter_pd6;2PD_6PD;yes;2PDMZ; 48.46318 ; -18.976487 ;14/05/2019 07:44;May;2019;no
6PD19-RE-IPX;6PDMZ;encounter_pdx;6PD_XPD;yes;XPDMZ; 48.459319 ; -18.975659 ;10/06/2019 08:59;June;2019;yes
2PD19-166MAL-REP8;2PDMZ;encounter_pd8;2PD_8PD;yes;2PDMZ; 48.461743 ; -18.974028 ;20/06/2019 10:18;June;2019;yes
2PD19-29MARE;2PDMZ;encounter_pd6;2PD_6PD;yes;2PDMZ; 48.46213 ; -18.975005 ;14/05/2019 10:27;May;2019;yes
6PD256RE-P;6PDMZ;encounter_pd4;6PD_4PD;yes;4PDMZ;48.461665;-18.980055;25/07/2018 13:48;July;2018;yes
6PD19-68MALREG2;6PDMZ;encounter_pd2;6PD_2PD;yes;2PDMZ;48.46340;-18.97591;13/06/2019 07:55;June;2019;yes
8PD278ALRE;8PDMZ;encounter_pd2;8PD_2PD;yes;2PDMZ;48.462982;-18.973856;30/07/2018 12:24;July;2018;yes
