gps_code;group;sex_ov;type;overmark_count;lon;lat;date;month;year
2PD19-013MA;2PDMZ;male;overmark;1;48.46493;-18.97440;13/05/2019 10:06;May;2019
2PD19-018D;2PDMZ;male;overmark;1;48.46331;-18.97608;14/05/2019 04:05;May;2019
2PD19-023MA;2PDMZ;male;overmark;1;48.46316;-18.97515;14/05/2019 04:05;May;2019
2PD19-031MA;2PDMZ;male;overmark;1;48.46339;-18.97468;14/05/2019 04:05;May;2019
2PD19-103MAL;2PDMZ;male;overmark;1;48.46325;-18.97315;17/06/2019 09:00;June;2019
2PD19-185MAL;2PDMZ;male;overmark;1;48.467253;-18.97589;22/07/2019 08:14;July;2019
2PD19-187MAL;2PDMZ;male;overmark;1;48.466453;-18.976026;22/07/2019 08:14;July;2019
2PD19-192MAL;2PDMZ;male;overmark;1;48.464846;-18.975504;22/07/2019 08:14;July;2019
2PD19-200MAL;2PDMZ;male;overmark;2;48.463373;-18.975363;23/07/2019 04:04;July;2019
2PD19-201MAL;2PDMZ;male;overmark;4;48.462927;-18.975063;23/07/2019 04:04;July;2019
2PD19-206MAL;2PDMZ;male;overmark;1;48.462871;-18.973778;23/07/2019 04:04;July;2019
2PD19-208MAL;2PDMZ;male;overmark;1;48.463645;-18.973339;23/07/2019 04:04;July;2019
2PD19-230MAL-GE;2PDMZ;male;overmark;1;48.464043;-18.976367;25/07/2019 05:26;July;2019
2PD19-237MAL;2PDMZ;male;overmark;1;48.465221;-18.975336;25/07/2019 05:26;July;2019
2PD19-243MAL;2PDMZ;male;overmark;2;48.466455;-18.976015;25/07/2019 05:26;July;2019
2PD19-247REV1-MAL;2PDMZ;male;overmark;4;48.463425;-18.975842;15/08/2019 05:22;August;2019
2PD19-256MAL;2PDMZ;male;overmark;1;48.465481;-18.975119;15/08/2019 05:22;August;2019
2PD19-260MAL;2PDMZ;male;overmark;2;48.463737;-18.973155;19/08/2019 04:26;August;2019
2PD19-261MA-J;2PDMZ;male;overmark;2;48.463441;-18.973107;19/08/2019 04:26;August;2019
2PD19-263MAL;2PDMZ;male;overmark;1;48.463023;-18.973097;19/08/2019 04:26;August;2019
2PD19-272MAL;2PDMZ;male;overmark;1;48.464472;-18.97498;19/08/2019 04:26;August;2019
2PD19-274MAL;2PDMZ;male;overmark;1;48.465356;-18.97513;19/08/2019 04:26;August;2019
2PD19-281GE-MA;2PDMZ;male;overmark;1;48.465833;-18.97665;19/08/2019 04:26;August;2019
2PD19-283MAL;2PDMZ;male;overmark;4;48.465658;-18.97678;20/08/2019 04:57;August;2019
2PD19-304MAL;2PDMZ;male;overmark;2;48.465042;-18.972675;21/08/2019 03:59;August;2019
2PD19-305MAL;2PDMZ;male;overmark;9;48.464923;-18.972885;21/08/2019 03:59;August;2019
2PD19-308MA;2PDMZ;male;overmark;1;48.464061;-18.972804;21/08/2019 03:59;August;2019
2PD19-310MAL-TOTEM;2PDMZ;male;overmark;3;48.463663;-18.973316;21/08/2019 03:59;August;2019
2PD19-317-MA;2PDMZ;male;overmark;1;48.463619;-18.974787;22/08/2019 07:13;August;2019
2PD19-319GEO-MAL;2PDMZ;male;overmark;2;48.463444;-18.974174;22/08/2019 07:13;August;2019
2PD19-321MAL;2PDMZ;male;overmark;1;48.464155;-18.974191;22/08/2019 07:13;August;2019
2PD19-323MAL;2PDMZ;male;overmark;1;48.465007;-18.974361;22/08/2019 07:13;August;2019
2PD19-51AL;2PDMZ;male;overmark;2;48.46595;-18.97369;15/05/2019 04:08;May;2019
2PD19-52AL;2PDMZ;male;overmark;2;48.46590;-18.97359;15/05/2019 04:08;May;2019
2PD19-57AL;2PDMZ;male;overmark;1;48.46653;-18.97254;15/05/2019 04:08;May;2019
2PD19-66AL;2PDMZ;male;overmark;1;48.46495;-18.97437;15/05/2019 04:08;May;2019
2PD19-73MAL;2PDMZ;male;overmark;1;48.46234;-18.97637;16/05/2019 04:15;May;2019
2PD19-74MA;2PDMZ;male;overmark;1;48.46185;-18.97641;16/05/2019 04:15;May;2019
3PD19-002MA;3PDMZ;male;overmark;1;48.46574;-18.96691;20/05/2019 04:27;May;2019
3PD19-005MA;3PDMZ;male;overmark;1;48.46779;-18.96695;20/05/2019 04:27;May;2019
3PD19-006MA;3PDMZ;male;overmark;2;48.46794;-18.96736;20/05/2019 04:27;May;2019
3PD19-007MA;3PDMZ;male;overmark;1;48.46801;-18.96777;20/05/2019 04:27;May;2019
3PD19-012DPL;3PDMZ;male;overmark;1;48.46895;-18.96896;20/05/2019 04:27;May;2019
3PD19-013MAL;3PDMZ;male;overmark;2;48.46892;-18.96938;20/05/2019 04:27;May;2019
3PD19-113MAL;3PDMZ;male;overmark;1;48.465599;-18.970171;03/07/2019 04:08;July;2019
3PD19-124MAL;3PDMZ;male;overmark;1;48.468581;-18.968739;03/07/2019 04:08;July;2019
3PD19-136MAL;3PDMZ;male;overmark;1;48.468599;-18.970123;04/07/2019 04:20;July;2019
3PD19-137MAL;3PDMZ;male;overmark;2;48.468936;-18.969928;04/07/2019 04:20;July;2019
3PD19-142MAL;3PDMZ;male;overmark;1;48.468582;-18.968746;04/07/2019 04:20;July;2019
3PD19-153D-MAL;3PDMZ;male;overmark;4;48.465923;-18.967429;05/08/2019 04:32;August;2019
3PD19-157MA;3PDMZ;male;overmark;1;48.465737;-18.966557;05/08/2019 04:32;August;2019
3PD19-158MAL;3PDMZ;male;overmark;1;48.466055;-18.966821;05/08/2019 04:32;August;2019
3PD19-166D-MAL-REIX;3PDMZ;male;overmark;1;48.468177;-18.968212;06/08/2019 04:10;August;2019
3PD19-167MAL-REIX;3PDMZ;male;overmark;1;48.468708;-18.968251;06/08/2019 04:10;August;2019
3PD19-169MAL;3PDMZ;male;overmark;2;48.469284;-18.967869;06/08/2019 04:10;August;2019
3PD19-176MA-REF2;3PDMZ;male;overmark;2;48.467934;-18.968435;06/08/2019 04:10;August;2019
3PD19-187MAL;3PDMZ;male;overmark;1;48.465754;-18.968916;07/08/2019 04:21;August;2019
3PD19-188MA;3PDMZ;male;overmark;1;48.46573;-18.968513;07/08/2019 04:21;August;2019
3PD19-189MAL;3PDMZ;male;overmark;1;48.465365;-18.968315;07/08/2019 04:21;August;2019
3PD19-191MA;3PDMZ;male;overmark;4;48.465646;-18.967763;07/08/2019 04:21;August;2019
3PD19-193MA-GE;3PDMZ;male;overmark;2;48.465959;-18.967299;07/08/2019 04:21;August;2019
3PD19-194MAL;3PDMZ;male;overmark;4;48.465917;-18.966864;07/08/2019 04:21;August;2019
3PD19-195MAL;3PDMZ;male;overmark;1;48.46557;-18.966559;07/08/2019 04:21;August;2019
3PD19-196MAL;3PDMZ;male;overmark;2;48.465145;-18.966726;07/08/2019 04:21;August;2019
3PD19-197MAL-GE;3PDMZ;male;overmark;4;48.465226;-18.967118;07/08/2019 04:21;August;2019
3PD19-199MAL;3PDMZ;male;overmark;6;48.465849;-18.967699;07/08/2019 04:21;August;2019
3PD19-204MAL;3PDMZ;male;overmark;5;48.467325;-18.968128;08/08/2019 05:14;August;2019
3PD19-206MAL;3PDMZ;male;overmark;6;48.468201;-18.968206;08/08/2019 05:14;August;2019
3PD19-207MAL-REF2;3PDMZ;male;overmark;2;48.46862;-18.96844;08/08/2019 05:14;August;2019
3PD19-209MAL;3PDMZ;male;overmark;3;48.469291;-18.968863;08/08/2019 05:14;August;2019
3PD19-211MAL;3PDMZ;male;overmark;3;48.468646;-18.969385;08/08/2019 05:14;August;2019
3PD19-69MAL;3PDMZ;male;overmark;1;48.468089;-18.968681;24/06/2019 06:28;June;2019
3PD19-75MAL;3PDMZ;male;overmark;1;48.468691;-18.968397;24/06/2019 06:28;June;2019
3PD19-76MA;3PDMZ;male;overmark;1;48.468464;-18.968747;24/06/2019 06:28;June;2019
3PD19-78MAL;3PDMZ;male;overmark;1;48.466487;-18.969791;01/07/2019 06:22;July;2019
3PD19-79MAL;3PDMZ;male;overmark;1;48.466841;-18.969862;01/07/2019 06:22;July;2019
3PD307MC;3PDMZ;male;overmark;2;48.466166;-18.970239;06/08/2018 07:39;August;2018
3PD308MC;3PDMZ;male;overmark;1;48.46575;-18.970271;06/08/2018 07:39;August;2018
3PD310AL;3PDMZ;male;overmark;1;48.465159;-18.970343;06/08/2018 07:39;August;2018
3PD311MC;3PDMZ;male;overmark;1;48.464679;-18.970518;06/08/2018 07:39;August;2018
3PD312MC;3PDMZ;male;overmark;1;48.464456;-18.971163;06/08/2018 07:39;August;2018
3PD313MC;3PDMZ;male;overmark;1;48.465344;-18.971321;06/08/2018 07:39;August;2018
3PD318AL;3PDMZ;male;overmark;1;48.465344;-18.971321;06/08/2018 07:39;August;2018
3PD324MC;3PDMZ;male;overmark;3;48.465723;-18.970204;06/08/2018 07:39;August;2018
3PD330DD;3PDMZ;male;overmark;2;48.467016;-18.969968;07/08/2018 09:57;August;2018
3PD335AL;3PDMZ;male;overmark;1;48.467526;-18.968738;07/08/2018 09:57;August;2018
3PD341MC;3PDMZ;male;overmark;3;48.465804;-18.968813;07/08/2018 09:57;August;2018
3PD345DD;3PDMZ;male;overmark;1;48.465953;-18.969213;08/08/2018 07:00;August;2018
3PD346AL;3PDMZ;male;overmark;1;48.46579;-18.969037;08/08/2018 07:00;August;2018
3PD351DPL;3PDMZ;male;overmark;2;48.46618;-18.967797;08/08/2018 07:00;August;2018
3PD360MC;3PDMZ;male;overmark;2;48.465407;-18.966929;08/08/2018 07:00;August;2018
4PD153MC;4PDMZ;male;overmark;1;48.465808;-18.982205;19/06/2018 09:16;June;2018
4PD171DDO;4PDMZ;male;overmark;2;48.462576;-18.983172;20/06/2018 07:15;June;2018
4PD172AL;4PDMZ;male;overmark;1;48.462501;-18.983121;20/06/2018 07:15;June;2018
4PD19-107MAL;4PDMZ;male;overmark;1;48.465107;-18.98213;10/07/2019 08:06;July;2019
4PD19-110MA;4PDMZ;male;overmark;2;48.4654;-18.982334;11/07/2019 04:44;July;2019
4PD19-117MA;4PDMZ;male;overmark;1;48.46463;-18.984378;11/07/2019 04:44;July;2019
4PD19-121MAL;4PDMZ;male;overmark;1;48.463723;-18.983594;11/07/2019 04:44;July;2019
4PD19-128MAL;4PDMZ;male;overmark;1;48.465838;-18.982703;12/08/2019 04:13;August;2019
4PD19-131MAL;4PDMZ;male;overmark;1;48.465712;-18.982444;12/08/2019 04:13;August;2019
4PD19-137D-MAL;4PDMZ;male;overmark;5;48.465273;-18.983736;13/08/2019 04:36;August;2019
4PD19-138MAL;4PDMZ;male;overmark;1;48.465649;-18.983845;13/08/2019 04:36;August;2019
4PD19-140MAL;4PDMZ;male;overmark;2;48.465396;-18.984574;13/08/2019 04:36;August;2019
4PD19-143MAL;4PDMZ;male;overmark;1;48.464453;-18.983984;13/08/2019 04:36;August;2019
4PD19-145MAL;4PDMZ;male;overmark;1;48.463698;-18.983549;13/08/2019 04:36;August;2019
4PD19-154D-MAL;4PDMZ;male;overmark;1;48.463149;-18.980364;14/08/2019 04:06;August;2019
4PD19-155MAL;4PDMZ;male;overmark;2;48.462669;-18.980467;14/08/2019 04:06;August;2019
4PD19-16DPL;4PDMZ;male;overmark;2;48.46316;-18.98034;18/09/2019 11:35;September;2019
4PD19-19MAL;4PDMZ;male;overmark;1;48.46275;-18.98043;18/09/2019 11:35;September;2019
4PD19-22MAL;4PDMZ;male;overmark;1;48.46285;-18.98107;30/05/2019 07:06;May;2019
4PD19-27AL;4PDMZ;male;overmark;1;48.46272;-18.98227;30/05/2019 07:06;May;2019
4PD19-42MAL;4PDMZ;male;overmark;1;48.46492;-18.98362;31/05/2019 06:34;May;2019
4PD19-50GE-MA;4PDMZ;male;overmark;1;48.46353;-18.98287;31/05/2019 06:34;May;2019
4PD19-66MAL;4PDMZ;male;overmark;1;48.461139;-18.980861;08/07/2019 06:18;July;2019
4PD19-78MAL;4PDMZ;male;overmark;2;48.463119;-18.982902;09/07/2019 13:06;July;2019
4PD19-80MAL-REI9;4PDMZ;male;overmark;2;48.462489;-18.983174;09/07/2019 13:06;July;2019
4PD19-85MAL;4PDMZ;male;overmark;2;48.462358;-18.982538;09/07/2019 13:06;July;2019
4PD19-91MA;4PDMZ;male;overmark;1;48.464444;-18.982388;09/07/2019 13:06;July;2019
4PD19-96D-MAL;4PDMZ;male;overmark;3;48.466525;-18.982343;10/07/2019 14:00;July;2019
4PD19-97MAL;4PDMZ;male;overmark;3;48.466825;-18.982427;10/07/2019 14:00;July;2019
4PD19-98MA;4PDMZ;male;overmark;3;48.46708;-18.982734;10/07/2019 14:00;July;2019
4PD19-99MAL;4PDMZ;male;overmark;2;48.466961;-18.983003;10/07/2019 14:00;July;2019
4PD198MC;4PDMZ;male;overmark;1;48.46145;-18.981059;18/07/2018 09:22;July;2018
4PD208MC;4PDMZ;male;overmark;2;48.463253;-18.982693;19/07/2018 07:36;July;2018
4PD211AL;4PDMZ;male;overmark;1;48.4635;-18.98248;19/07/2018 07:36;July;2018
4PD216MC;4PDMZ;male;overmark;1;48.465543;-18.982673;19/07/2018 07:36;July;2018
4PD219DD;4PDMZ;male;overmark;1;48.466344;-18.98221;20/07/2018 07:46;July;2018
4PD220MC;4PDMZ;male;overmark;1;48.466556;-18.982495;20/07/2018 07:46;July;2018
4PD221AL;4PDMZ;male;overmark;1;48.466982;-18.982631;20/07/2018 07:46;July;2018
4PD363DAL;4PDMZ;male;overmark;1;48.463587;-18.982366;13/08/2018 10:05;August;2018
4PD365AL;4PDMZ;male;overmark;1;48.464061;-18.981882;13/08/2018 10:05;August;2018
4PD366MC;4PDMZ;male;overmark;2;48.464234;-18.9815;13/08/2018 10:05;August;2018
4PD367MC;4PDMZ;male;overmark;5;48.464361;-18.9812;13/08/2018 10:05;August;2018
4PD368AL;4PDMZ;male;overmark;3;48.464036;-18.980927;13/08/2018 10:05;August;2018
4PD370DPL;4PDMZ;male;overmark;4;48.46372;-18.980073;13/08/2018 10:05;August;2018
4PD377DD;4PDMZ;male;overmark;1;48.462906;-18.980153;14/08/2018 07:41;August;2018
4PD379AL;4PDMZ;male;overmark;2;48.462552;-18.980548;14/08/2018 07:41;August;2018
4PD382MC;4PDMZ;male;overmark;4;48.461612;-18.980626;14/08/2018 07:41;August;2018
4PD384AL;4PDMZ;male;overmark;2;48.460936;-18.980949;14/08/2018 07:41;August;2018
4PD385DPL;4PDMZ;male;overmark;1;48.461152;-18.981158;14/08/2018 07:41;August;2018
4PD386MC;4PDMZ;male;overmark;1;48.461407;-18.981473;14/08/2018 07:41;August;2018
4PD387AL;4PDMZ;male;overmark;3;48.461624;-18.981753;14/08/2018 07:41;August;2018
4PD390DPL;4PDMZ;male;overmark;1;48.462901;-18.982172;14/08/2018 07:41;August;2018
4PD391AL;4PDMZ;male;overmark;1;48.462867;-18.982422;14/08/2018 07:41;August;2018
4PD394DD;4PDMZ;male;overmark;2;48.463043;-18.983089;15/08/2018 09:04;August;2018
4PD395AL;4PDMZ;male;overmark;1;48.463179;-18.982718;15/08/2018 09:04;August;2018
4PD400MC;4PDMZ;male;overmark;1;48.464957;-18.983283;15/08/2018 09:04;August;2018
4PD404AL;4PDMZ;male;overmark;1;48.465979;-18.983654;15/08/2018 09:04;August;2018
6PD19-03MA;6PDMZ;male;overmark;1;48.46266;-18.97626;10/06/2019 04:15;June;2019
6PD19-04MAL;6PDMZ;male;overmark;2;48.46249;-18.97593;10/06/2019 04:15;June;2019
6PD19-08MA;6PDMZ;male;overmark;1;48.46144;-18.97526;10/06/2019 04:15;June;2019
6PD19-100MA;6PDMZ;male;overmark;2;48.46286;-18.978103;29/07/2019 10:51;July;2019
6PD19-105DOR-MA;6PDMZ;male;overmark;1;48.459334;-18.97494;30/07/2019 04:15;July;2019
6PD19-107MAL;6PDMZ;male;overmark;2;48.459421;-18.975189;30/07/2019 04:15;July;2019
6PD19-109MAL;6PDMZ;male;overmark;2;48.462812;-18.977916;30/07/2019 04:15;July;2019
6PD19-115MAL;6PDMZ;male;overmark;1;48.461187;-18.979816;30/07/2019 04:15;July;2019
6PD19-124DOR-MAL;6PDMZ;male;overmark;1;48.460069;-18.977332;31/07/2019 04:36;July;2019
6PD19-127MAL;6PDMZ;male;overmark;4;48.460937;-18.976974;31/07/2019 04:36;July;2019
6PD19-128MAL;6PDMZ;male;overmark;2;48.461263;-18.976548;31/07/2019 04:36;July;2019
6PD19-12MAL;6PDMZ;male;overmark;1;48.45995;-18.97588;31/07/2019 04:36;July;2019
6PD19-133MAL;6PDMZ;male;overmark;2;48.463119;-18.97599;31/07/2019 04:36;July;2019
6PD19-139MAL;6PDMZ;male;overmark;2;48.464182;-18.977013;31/07/2019 04:36;July;2019
6PD19-140MA;6PDMZ;male;overmark;1;48.463834;-18.977287;31/07/2019 04:36;July;2019
6PD19-148D-MAL;6PDMZ;male;overmark;1;48.462137;-18.979185;01/08/2019 04:09;August;2019
6PD19-149MAL;6PDMZ;male;overmark;2;48.462053;-18.97964;01/08/2019 04:09;August;2019
6PD19-14MAL;6PDMZ;male;overmark;1;48.45937;-18.97590;10/06/2019 07:44;June;2019
6PD19-150MA;6PDMZ;male;overmark;1;48.461616;-18.979714;01/08/2019 04:09;August;2019
6PD19-151MAL;6PDMZ;male;overmark;1;48.461152;-18.979484;01/08/2019 04:09;August;2019
6PD19-153MAL;6PDMZ;male;overmark;1;48.460473;-18.97992;01/08/2019 04:09;August;2019
6PD19-154MAL;6PDMZ;male;overmark;1;48.460348;-18.979473;01/08/2019 04:09;August;2019
6PD19-155MAL;6PDMZ;male;overmark;1;48.460648;-18.979146;01/08/2019 04:09;August;2019
6PD19-15MAL;6PDMZ;male;overmark;1;48.45931;-18.97565;11/06/2019 04:56;June;2019
6PD19-161MAL;6PDMZ;male;overmark;1;48.458908;-18.977944;11/06/2019 04:56;June;2019
6PD19-21MA;6PDMZ;male;overmark;1;48.46085;-18.97664;11/06/2019 04:56;June;2019
6PD19-39MAL;6PDMZ;male;overmark;3;48.46209;-18.97900;12/06/2019 04:08;June;2019
6PD19-43MAL;6PDMZ;male;overmark;4;48.46099;-18.97967;12/06/2019 04:08;June;2019
6PD19-44MAL;6PDMZ;male;overmark;1;48.46086;-18.97914;12/06/2019 04:08;June;2019
6PD19-54MAL;6PDMZ;male;overmark;1;48.46018;-18.97723;12/06/2019 04:08;June;2019
6PD19-55MAL;6PDMZ;male;overmark;2;48.45980;-18.97750;12/06/2019 04:08;June;2019
6PD19-67MAL;6PDMZ;male;overmark;2;48.46319;-18.97645;13/06/2019 04:13;June;2019
6PD19-68MALRE-GP2;6PDMZ;male;overmark;1;48.46340;-18.97591;13/06/2019 04:13;June;2019
6PD19-71MAL;6PDMZ;male;overmark;2;48.46332;-18.97709;13/06/2019 04:13;June;2019
6PD19-80MAL;6PDMZ;male;overmark;1;48.46093;-18.97921;13/06/2019 04:13;June;2019
6PD19-83MA;6PDMZ;male;overmark;1;48.46086;-18.97963;13/06/2019 04:13;June;2019
6PD19-89MAL-RERX;6PDMZ;male;overmark;3;48.461916;-18.974802;29/07/2019 04:48;July;2019
6PD19-90MAL;6PDMZ;male;overmark;2;48.461824;-18.974343;29/07/2019 04:48;July;2019
6PD19-91MAL;6PDMZ;male;overmark;2;48.462399;-18.974722;29/07/2019 04:48;July;2019
6PD19-92MAL;6PDMZ;male;overmark;1;48.462588;-18.975036;29/07/2019 04:48;July;2019
6PD251AL;6PDMZ;male;overmark;1;48.462339;-18.97932;25/07/2018 11:20;July;2018
6PD253AL;6PDMZ;male;overmark;1;48.462172;-18.97973;25/07/2018 11:20;July;2018
6PD409AL;6PDMZ;male;overmark;2;48.459831;-18.974792;27/08/2018 10:02;August;2018
6PD422AL;6PDMZ;male;overmark;1;48.460676;-18.976004;27/08/2018 10:02;August;2018
6PD431AL;6PDMZ;male;overmark;2;48.461767;-18.977763;28/08/2018 06:56;August;2018
6PD435AL;6PDMZ;male;overmark;1;48.461278;-18.979134;28/08/2018 06:56;August;2018
6PD436AL;6PDMZ;male;overmark;1;48.461033;-18.979541;28/08/2018 06:56;August;2018
6PD438MC;6PDMZ;male;overmark;3;48.460941;-18.980018;28/08/2018 06:56;August;2018
6PD440MC;6PDMZ;male;overmark;7;48.461485;-18.980495;28/08/2018 06:56;August;2018
8PD03MC;8PDMZ;male;overmark;1;48.459979;-18.973445;29/05/2018 09:03;May;2018
8PD05MC;8PDMZ;male;overmark;1;48.459853;-18.973558;29/05/2018 09:03;May;2018
8PD13RE;8PDMZ;male;overmark;1;48.460811;-18.971727;29/05/2018 09:03;May;2018
8PD17D;8PDMZ;male;overmark;1;48.459506;-18.97267;30/05/2018 10:03;May;2018
8PD19-114MAL;8PDMZ;male;overmark;1;48.461937;-18.971646;19/07/2019 05:41;July;2019
8PD19-11MA;8PDMZ;male;overmark;1;48.460227;-18.971839;19/07/2019 05:41;July;2019
8PD19-122MA;8PDMZ;male;overmark;1;48.459819;-18.972867;19/07/2019 05:41;July;2019
8PD19-127MA;8PDMZ;male;overmark;1;48.45907;-18.972474;19/07/2019 05:41;July;2019
8PD19-12MA;8PDMZ;male;overmark;1;48.46025;-18.971818;03/06/2019 07:53;June;2019
8PD19-1DOR;8PDMZ;male;overmark;1;48.460797;-18.973567;29/05/2018 09:03;May;2018
8PD19-71MAL;8PDMZ;male;overmark;1;48.46059;-18.97181;05/06/2019 07:31;June;2019
8PD19-94GEO_MAL;8PDMZ;male;overmark;1;48.459894;-18.97468;18/07/2019 06:58;July;2019
8PD264DD;8PDMZ;male;overmark;1;48.459907;-18.97294;30/07/2018 08:21;July;2018
8PD265AL;8PDMZ;male;overmark;1;48.459895;-18.972963;30/07/2018 08:21;July;2018
8PD276MC;8PDMZ;male;overmark;1;48.462021;-18.973536;30/07/2018 08:21;July;2018
8PD288MC;8PDMZ;male;overmark;1;48.461909;-18.974538;31/07/2018 07:15;July;2018
8PD292MC;8PDMZ;male;overmark;1;48.462918;-18.973846;31/07/2018 07:15;July;2018
8PD41DMC;8PDMZ;male;overmark;1;48.462008;-18.971251;05/06/2018 07:39;June;2018
8PD49AL;8PDMZ;male;overmark;1;48.460202;-18.971935;05/06/2018 07:39;June;2018
4PDF163MAL;4PDMZ;male;overmark;1; 48.466945 ; -18.982624 ;02/09/2019 04:42;September;2019
4PDF169MA;4PDMZ;male;overmark;2; 48.465305 ; -18.982676 ;02/09/2019 04:42;September;2019
4PDF171MAL;4PDMZ;male;overmark;1; 48.46489 ; -18.983146 ;02/09/2019 04:42;September;2019
4PDF172MAL;4PDMZ;male;overmark;2; 48.464508 ; -18.983322 ;02/09/2019 04:42;September;2019
4PDF173MAL;4PDMZ;male;overmark;1; 48.464108 ; -18.98338 ;02/09/2019 04:42;September;2019
4PDF174MA;4PDMZ;male;overmark;1; 48.463859 ; -18.983597 ;02/09/2019 04:42;September;2019
4PDF163MAL;4PDMZ;male;overmark;2; 48.466945 ; -18.982624 ;02/09/2019 04:42;September;2019
4PDF172MAL;4PDMZ;male;overmark;1; 48.464508 ; -18.983322 ;02/09/2019 04:42;September;2019
6PD54MAL;6PDMZ;male;overmark;2;48.463092;-18.978868;04/10/2019 05:41;October;2019
6PD55MAL;6PDMZ;male;overmark;1;48.463519;-18.978578;04/10/2019 05:41;October;2019
6PD56MA;6PDMZ;male;overmark;1;48.463438;-18.978006;04/10/2019 05:41;October;2019
6PD58MA;6PDMZ;male;overmark;2;48.464042;-18.977304;04/10/2019 05:41;October;2019
6PD59MAL;6PDMZ;male;overmark;1;48.464207;-18.977072;04/10/2019 05:41;October;2019
6PDF60MA;6PDMZ;male;overmark;2;48.464173;-18.97673;04/10/2019 05:41;October;2019
6PD52MAL;6PDMZ;male;overmark;1; 48.460085 ; -18.975392 ;04/10/2019 05:41;October;2019
6PD53MAL;6PDMZ;male;overmark;4; 48.459828 ; -18.975669 ;04/10/2019 05:41;October;2019
6PD54MAL;6PDMZ;male;overmark;2; 48.459835 ; -18.975914 ;04/10/2019 05:41;October;2019
6PD55MAL;6PDMZ;male;overmark;2; 48.460244 ; -18.976399 ;04/10/2019 05:41;October;2019
6PD56REHXMA;6PDMZ;male;overmark;1; 48.460566 ; -18.976506 ;04/10/2019 05:41;October;2019
6PD58MAL;6PDMZ;male;overmark;1; 48.461349 ; -18.97658 ;05/09/2019 04:19;September;2019
6PD65MAL;6PDMZ;male;overmark;4; 48.463679 ; -18.976516 ;05/09/2019 04:19;September;2019
6PD66MAL;6PDMZ;male;overmark;7; 48.464187 ; -18.976478 ;05/09/2019 04:19;September;2019
6PD67MA;6PDMZ;male;overmark;2; 48.464001 ; -18.977031 ;05/09/2019 04:19;September;2019
6PD70MAL;6PDMZ;male;overmark;1; 48.463718 ; -18.977922 ;05/09/2019 04:19;September;2019
6PD53MAL;6PDMZ;male;overmark;1; 48.459828 ; -18.975669 ;05/09/2019 04:19;September;2019
2PD02MAL;2PDMZ;male;overmark;1; 48.469169 ; -18.976266 ;06/09/2019 07:26;September;2019
2PD03MAL GE;2PDMZ;male;overmark;2; 48.46885 ; -18.976461 ;06/09/2019 07:26;September;2019
4PDF62MAL;4PDMZ;male;overmark;2;48.462852;-18.981296;02/09/2019 04:42;September;2019
4PDF63MAL;4PDMZ;male;overmark;2;48.463333;-18.981372;02/09/2019 04:42;September;2019
4PDF65MAL;4PDMZ;male;overmark;1;48.464732;-18.982078;02/09/2019 04:42;September;2019
3PD17MAL-RE-F3;3PDMZ;male;overmark;1; 48.466089 ; -18.967389 ;20/05/2019 08:28;May;2019
3PDF25MAL;3PDMZ;male;overmark;1; 48.468603 ; -18.96824 ;23/05/2019 05:04;May;2019
3PDF28MA;3PDMZ;male;overmark;1; 48.468735 ; -18.968312 ;23/05/2019 05:04;May;2019
3PD214DOR-MAL;3PDMZ;male;overmark;1; 48.465452 ; -18.966807 ;27/08/2019 04:14;August;2019
3PD216MAL-RE-RU;3PDMZ;male;overmark;1; 48.465958 ; -18.967182 ;27/08/2019 04:14;August;2019
3PD217MAL;3PDMZ;male;overmark;1; 48.466089 ; -18.967389 ;27/08/2019 04:14;August;2019
8PD136MA;8PDMZ;male;overmark;1; 48.460849 ; -18.973268 ;28/08/2019 04:47;August;2019
8PD141REFUL-MAL;8PDMZ;male;overmark;1; 48.458967 ; -18.974075 ;28/08/2019 04:47;August;2019
8PD143MAL-REFUL;8PDMZ;male;overmark;3; 48.458362 ; -18.973345 ;28/08/2019 04:47;August;2019
8PD145MAL;8PDMZ;male;overmark;1; 48.458135 ; -18.974128 ;28/08/2019 04:47;August;2019
8PD146MA;8PDMZ;male;overmark;2; 48.458372 ; -18.974389 ;28/08/2019 04:47;August;2019
8PD147MA;8PDMZ;male;overmark;1; 48.458604 ; -18.974524 ;28/08/2019 04:47;August;2019
8PD148MAL;8PDMZ;male;overmark;2; 48.45887 ; -18.974191 ;28/08/2019 04:47;August;2019
8PD154MAL;8PDMZ;male;overmark;1; 48.460343 ; -18.974822 ;28/08/2019 04:47;August;2019
8PD159MAL;8PDMZ;male;overmark;2; 48.458799 ; -18.972056 ;29/08/2019 06:02;August;2019
8PD160MA;8PDMZ;male;overmark;1; 48.458452 ; -18.971747 ;29/08/2019 06:02;August;2019
8PD161MAL-GEO;8PDMZ;male;overmark;2; 48.458964 ; -18.971555 ;29/08/2019 06:02;August;2019
8PD165MAL;8PDMZ;male;overmark;1; 48.460548 ; -18.971832 ;29/08/2019 06:02;August;2019
8PD169GE-MAL;8PDMZ;male;overmark;2; 48.462105 ; -18.971262 ;29/08/2019 06:02;August;2019
8PD171MAL;8PDMZ;male;overmark;2; 48.463007 ; -18.971407 ;29/08/2019 06:02;August;2019
8PD173MAL;8PDMZ;male;overmark;3; 48.464018 ; -18.971005 ;29/08/2019 06:02;August;2019
8PD175MA;8PDMZ;male;overmark;1; 48.4642 ; -18.971658 ;29/08/2019 06:02;August;2019
8PD177MA;8PDMZ;male;overmark;3; 48.46406 ; -18.972158 ;29/08/2019 06:02;August;2019
8PD163MAL;8PDMZ;male;overmark;4; 48.459359 ; -18.971679 ;29/08/2019 06:02;August;2019
8PD168MA;8PDMZ;male;overmark;1; 48.461614 ; -18.971417 ;29/08/2019 06:02;August;2019
102;2PDMZ;male;overmark;1;48.462875;-18.973764;03/12/2019;December;2019
106;2PDMZ;male;overmark;1;48.464074;-18.975684;03/12/2019;December;2019
107;2PDMZ;male;overmark;2;48.464192;-18.976173;03/12/2019;December;2019
108;2PDMZ;male;overmark;3;48.46454;-18.975829;03/12/2019;December;2019
78;2PDMZ;male;overmark;2;48.466931;-18.974281;05/11/2019;November;2019
81;2PDMZ;male;overmark;2;48.466318;-18.973116;05/11/2019;November;2019
83;2PDMZ;male;overmark;1;48.46513;-18.97281;05/11/2019;November;2019
84;2PDMZ;male;overmark;2;48.464469;-18.97272;05/11/2019;November;2019
88;2PDMZ;male;overmark;2;48.463043;-18.974725;06/11/2019;November;2019
96;2PDMZ;male;overmark;1;48.465205;-18.975155;06/11/2019;November;2019
5;3PDMZ;male;overmark;1;48.464475;-18.970861;07/11/2019;November;2019
7;3PDMZ;male;overmark;2;48.46482;-18.971712;07/11/2019;November;2019
8;3PDMZ;male;overmark;1;48.465251;-18.971335;07/11/2019;November;2019
10;3PDMZ;male;overmark;1;48.465924;-18.97024;07/11/2019;November;2019
81;3PDMZ;male;overmark;1;48.466124;-18.969458;10/12/2019;December;2019
85;3PDMZ;male;overmark;2;48.467677;-18.968212;10/12/2019;December;2019
87;3PDMZ;male;overmark;5;48.467768;-18.967309;10/12/2019;December;2019
89;3PDMZ;male;overmark;1;48.466909;-18.966828;10/12/2019;December;2019
90;3PDMZ;male;overmark;2;48.466557;-18.966633;10/12/2019;December;2019
93;3PDMZ;male;overmark;2;48.465407;-18.966024;10/12/2019;December;2019
95;3PDMZ;male;overmark;1;48.464638;-18.966253;10/12/2019;December;2019
13;3PDMZ;male;overmark;1;48.469219;-18.969392;11/11/2019;November;2019
14;3PDMZ;male;overmark;2;48.469485;-18.968691;11/11/2019;November;2019
17;3PDMZ;male;overmark;1;48.468602;-18.967734;11/11/2019;November;2019
29;3PDMZ;male;overmark;5;48.468214;-18.969922;12/11/2019;November;2019
30;3PDMZ;male;overmark;2;48.468626;-18.969874;12/11/2019;November;2019
31;3PDMZ;male;overmark;3;48.46897;-18.969448;12/11/2019;November;2019
37;3PDMZ;male;overmark;1;48.467787;-18.967288;12/11/2019;November;2019
39;3PDMZ;male;overmark;2;48.466826;-18.967092;12/11/2019;November;2019
43;3PDMZ;male;overmark;1;48.466583;-18.968545;12/11/2019;November;2019
44;3PDMZ;male;overmark;1;48.466272;-18.968881;12/11/2019;November;2019
48;3PDMZ;male;overmark;2;48.464254;-18.970424;13/11/2019;November;2019
53;3PDMZ;male;overmark;1;48.465031;-18.969878;13/11/2019;November;2019
57;3PDMZ;male;overmark;1;48.466525;-18.969137;13/11/2019;November;2019
69;4PDMZ;male;overmark;1;48.463996;-18.981789;19/11/2019;November;2019
70;4PDMZ;male;overmark;5;48.463623;-18.981452;19/11/2019;November;2019
71;4PDMZ;male;overmark;2;48.463289;-18.981246;19/11/2019;November;2019
72;4PDMZ;male;overmark;2;48.462931;-18.980892;19/11/2019;November;2019
73;4PDMZ;male;overmark;2;48.462693;-18.980541;19/11/2019;November;2019
76;4PDMZ;male;overmark;3;48.461454;-18.980313;19/11/2019;November;2019
79;4PDMZ;male;overmark;2;48.464518;-18.982937;21/11/2019;November;2019
84;4PDMZ;male;overmark;4;48.462831;-18.983826;21/11/2019;November;2019
78;4PDMZ;male;overmark;1;48.46459;-18.982438;26/11/2019;November;2019
93;4PDMZ;male;overmark;1;48.462826;-18.981866;26/11/2019;November;2019
99;4PDMZ;male;overmark;1;48.463193;-18.98325;26/11/2019;November;2019
103;4PDMZ;male;overmark;1;48.463028;-18.981566;28/11/2019;November;2019
104;4PDMZ;male;overmark;2;48.463127;-18.982089;28/11/2019;November;2019
106;4PDMZ;male;overmark;3;48.463539;-18.982908;28/11/2019;November;2019
107;4PDMZ;male;overmark;1;48.463332;-18.983335;28/11/2019;November;2019
109;4PDMZ;male;overmark;4;48.464414;-18.983935;28/11/2019;November;2019
111;4PDMZ;male;overmark;2;48.46528;-18.984507;28/11/2019;November;2019
;;;;550;;;;;
