gps_code;group;sex;type;lon;lat;date;month;year;USE
8PD19-105MAL;8PDMZ;male;marking;48.461478;-18.97329;18/07/2019 09:07;July;2019;FT
8PD19-115MAL;8PDMZ;male;marking;48.462111;-18.972057;19/07/2019 05:41;July;2019;FT
8PD19-128MA;8PDMZ;male;marking;48.459406;-18.972566;19/07/2019 05:41;July;2019;FT
8PD19-40MA;8PDMZ;male;marking;48.45951;-18.97503;04/06/2019 05:47;June;2019;FT
8PD19-112DOR;8PDMZ;female;marking;48.46238;-18.971764;19/07/2019 04:24;July;2019;FT
8PD19-40MA;8PDMZ;female;marking;48.45951;-18.97503;04/06/2019 07:28;June;2019;FT
6PD19-03MA;6PDMZ;male;marking;48.46266;-18.97626;10/06/2019 04:15;June;2019;FT
6PD19-04MAL;6PDMZ;male;marking;48.46249;-18.97593;10/06/2019 04:15;June;2019;FT
6PD19-15MAL;6PDMZ;male;marking;48.45931;-18.97565;11/06/2019 04:56;June;2019;FT
6PD19-39MAL;6PDMZ;male;marking;48.46209;-18.97900;12/06/2019 04:08;June;2019;FT
6PD19-43MAL;6PDMZ;male;marking;48.46099;-18.97967;12/06/2019 04:08;June;2019;FT
6PD19-44MAL;6PDMZ;male;marking;48.46086;-18.97914;12/06/2019 04:08;June;2019;FT
6PD19-46MALRE-RUX;6PDMZ;male;marking;48.46050;-18.97862;12/06/2019 04:08;June;2019;FT
6PD19-55MAL;6PDMZ;male;marking;48.45980;-18.97750;12/06/2019 04:08;June;2019;FT
6PD19-68MALRE-GP2;6PDMZ;male;marking;48.46340;-18.97591;13/06/2019 04:13;June;2019;FT
6PD19-71MAL;6PDMZ;male;marking;48.46332;-18.97709;13/06/2019 04:13;June;2019;FT
6PD19-79MAL;6PDMZ;male;marking;48.46115;-18.97888;13/06/2019 04:13;June;2019;FT
6PD19-80MAL;6PDMZ;male;marking;48.46093;-18.97921;13/06/2019 04:13;June;2019;FT
6PD19-82MAL;6PDMZ;male;marking;48.46036;-18.97985;13/06/2019 04:13;June;2019;FT
6PD19-03MA;6PDMZ;female;marking;48.46266;-18.97626;10/06/2019 04:49;June;2019;FT
6PD19-04MAL;6PDMZ;female;marking;48.46249;-18.97593;10/06/2019 04:49;June;2019;FT
6PD19-15MAL;6PDMZ;female;marking;48.45931;-18.97565;10/06/2019 07:56;June;2019;FT
6PD19-39MAL;6PDMZ;female;marking;48.46209;-18.97900;12/06/2019 04:08;June;2019;FT
6PD19-43MAL;6PDMZ;female;marking;48.46099;-18.97967;12/06/2019 04:08;June;2019;FT
6PD19-44MAL;6PDMZ;female;marking;48.46086;-18.97914;12/06/2019 04:08;June;2019;FT
6PD19-55MAL;6PDMZ;female;marking;48.45980;-18.97750;12/06/2019 04:08;June;2019;FT
6PD19-68MALRE-GP2;6PDMZ;female;marking;48.46340;-18.97591;13/06/2019 04:13;June;2019;FT
6PD19-71MAL;6PDMZ;female;marking;48.46332;-18.97709;13/06/2019 04:13;June;2019;FT
6PD19-79MAL;6PDMZ;female;marking;48.46115;-18.97888;13/06/2019 04:13;June;2019;FT
6PD19-80MAL;6PDMZ;female;marking;48.46093;-18.97921;13/06/2019 04:13;June;2019;FT
4PD19-101MA;4PDMZ;male;marking;48.466311;-18.98342;10/07/2019 08:06;July;2019;FT
4PD19-107MAL;4PDMZ;male;marking;48.465107;-18.98213;10/07/2019 08:06;July;2019;FT
4PD19-110MA;4PDMZ;male;marking;48.4654;-18.982334;11/07/2019 04:44;July;2019;FT
4PD19-112MAL;4PDMZ;male;marking;48.465628;-18.983161;11/07/2019 04:44;July;2019;FT
4PD19-45MAL;4PDMZ;male;marking;48.46447;-18.98298;31/05/2019 06:34;May;2019;FT
4PD19-52MA;4PDMZ;male;marking;48.46280;-18.98227;31/05/2019 06:34;May;2019;FT
4PD19-97MAL;4PDMZ;male;marking;48.466825;-18.982427;10/07/2019 14:00;July;2019;FT
4PD19-101MA;4PDMZ;female;marking;48.465892;-18.983361;10/07/2019 08:06;July;2019;FT
4PD19-107MAL;4PDMZ;female;marking;48.465107;-18.98213;10/07/2019 08:06;July;2019;FT
4PD19-110MA;4PDMZ;female;marking;48.4654;-18.982334;11/07/2019 04:44;July;2019;FT
4PD19-112MAL;4PDMZ;female;marking;48.465628;-18.983161;11/07/2019 04:44;July;2019;FT
4PD19-97MAL;4PDMZ;female;marking;48.466825;-18.982427;10/07/2019 06:27;July;2019;FT
3PD19-001MA;3PDMZ;male;marking;48.46583;-18.96729;20/05/2019 04:27;May;2019;FT
3PD19-012DPL;3PDMZ;male;marking;48.46895;-18.96896;20/05/2019 04:27;May;2019;FT
3PD19-013MAL;3PDMZ;male;marking;48.46892;-18.96938;20/05/2019 04:27;May;2019;FT
3PD19-018MAL;3PDMZ;male;marking;48.46765;-18.96979;20/05/2019 04:27;May;2019;FT
3PD19-057MAL;3PDMZ;male;marking;48.46583;-18.96988;24/05/2019 09:14;May;2019;FT
3PD19-124MAL;3PDMZ;male;marking;48.468581;-18.968739;03/07/2019 04:08;July;2019;FT
3PD19-001MA;3PDMZ;female;marking;48.46583;-18.96729;20/05/2019 04:27;May;2019;FT
3PD19-012DPL;3PDMZ;female;marking;48.46895;-18.96896;20/05/2019 04:27;May;2019;FT
3PD19-013MAL;3PDMZ;female;marking;48.46892;-18.96938;20/05/2019 04:27;May;2019;FT
3PD19-018MAL;3PDMZ;female;marking;48.46765;-18.96979;20/05/2019 04:27;May;2019;FT
3PD19-124MAL;3PDMZ;female;marking;48.468581;-18.968739;03/07/2019 04:08;July;2019;FT
2PD19-008AL;2PDMZ;male;marking;48.46596;-18.97368;13/05/2019 10:06;May;2019;FT
2PD19-013MA;2PDMZ;male;marking;48.46493;-18.97440;13/05/2019 10:06;May;2019;FT
2PD19-026MAL;2PDMZ;male;marking;48.46290;-18.97479;14/05/2019 04:05;May;2019;FT
2PD19-032AL;2PDMZ;male;marking;48.46370;-18.97457;14/05/2019 04:05;May;2019;FT
2PD19-040AL;2PDMZ;male;marking;48.46677;-18.97337;14/05/2019 04:05;May;2019;FT
2PD19-103MAL;2PDMZ;male;marking;48.46325;-18.97315;17/06/2019 09:00;June;2019;FT
2PD19-108MAL;2PDMZ;male;marking;48.46185;-18.97448;17/06/2019 09:00;June;2019;FT
2PD19-123MAL;2PDMZ;male;marking;48.46596;-18.97364;18/06/2019 04:16;June;2019;FT
2PD19-185MAL;2PDMZ;male;marking;48.467253;-18.97589;22/07/2019 08:14;July;2019;FT
2PD19-201MAL;2PDMZ;male;marking;48.462927;-18.975063;23/07/2019 04:04;July;2019;FT
2PD19-260MAL;2PDMZ;male;marking;48.463737;-18.973155;19/08/2019 04:26;August;2019;FT
2PD19-274MAL;2PDMZ;male;marking;48.465356;-18.97513;19/08/2019 04:26;August;2019;FT
2PD19-277MAL;2PDMZ;male;marking;48.465645;-18.975661;19/08/2019 04:26;August;2019;FT
2PD19-278MAL;2PDMZ;male;marking;48.465768;-18.97591;19/08/2019 04:26;August;2019;FT
2PD19-283MAL;2PDMZ;male;marking;48.465658;-18.97678;20/08/2019 04:57;August;2019;FT
2PD19-287MAL;2PDMZ;male;marking;48.466562;-18.976025;20/08/2019 04:57;August;2019;FT
2PD19-292MAL;2PDMZ;male;marking;48.465314;-18.97511;20/08/2019 04:57;August;2019;FT
2PD19-305MAL;2PDMZ;male;marking;48.464923;-18.972885;21/08/2019 03:59;August;2019;FT
2PD19-319GEO-MAL;2PDMZ;male;marking;48.463444;-18.974174;22/08/2019 07:13;August;2019;FT
2PD19-323MAL;2PDMZ;male;marking;48.465007;-18.974361;22/08/2019 07:13;August;2019;FT
2PD19-47D;2PDMZ;male;marking;48.46539;-18.97418;15/05/2019 04:08;May;2019;FT
2PD19-48AL;2PDMZ;male;marking;48.46584;-18.97426;15/05/2019 04:08;May;2019;FT
2PD19-51AL;2PDMZ;male;marking;48.46595;-18.97369;15/05/2019 04:08;May;2019;FT
2PD19-57AL;2PDMZ;male;marking;48.46653;-18.97254;15/05/2019 04:08;May;2019;FT
2PD19-75MAL;2PDMZ;male;marking;48.46116;-18.97665;16/05/2019 04:15;May;2019;FT
2PD19-013MA;2PDMZ;female;marking;48.46493;-18.97440;13/05/2019 12:54;May;2019;FT
2PD19-032AL;2PDMZ;female;marking;48.46370;-18.97457;14/05/2019 04:05;May;2019;FT
2PD19-103MAL;2PDMZ;female;marking;48.46325;-18.97315;17/06/2019 05:03;June;2019;FT
2PD19-108MAL;2PDMZ;female;marking;48.46185;-18.97448;17/06/2019 05:03;June;2019;FT
2PD19-123MAL;2PDMZ;female;marking;48.46596;-18.97364;18/06/2019 04:39;June;2019;FT
2PD19-164MAL;2PDMZ;female;marking;48.461907;-18.974754;20/06/2019 04:20;June;2019;FT
2PD19-185MAL;2PDMZ;female;marking;48.467253;-18.97589;22/07/2019 07:53;July;2019;FT
2PD19-201MAL;2PDMZ;female;marking;48.462927;-18.975063;23/07/2019 04:04;July;2019;FT
2PD19-260MAL;2PDMZ;female;marking;48.463737;-18.973155;19/08/2019 04:26;August;2019;FT
2PD19-274MAL;2PDMZ;female;marking;48.465356;-18.97513;19/08/2019 04:26;August;2019;FT
2PD19-277MAL;2PDMZ;female;marking;48.465645;-18.975661;19/08/2019 04:26;August;2019;FT
2PD19-283MAL;2PDMZ;female;marking;48.465658;-18.97678;20/08/2019 04:57;August;2019;FT
2PD19-287MAL;2PDMZ;female;marking;48.466562;-18.976025;20/08/2019 04:57;August;2019;FT
2PD19-292MAL;2PDMZ;female;marking;48.465314;-18.97511;20/08/2019 04:57;August;2019;FT
2PD19-305MAL;2PDMZ;female;marking;48.464923;-18.972885;21/08/2019 08:23;August;2019;FT
2PD19-319GEO-MAL;2PDMZ;female;marking;48.463444;-18.974174;22/08/2019 07:13;August;2019;FT
2PD19-323MAL;2PDMZ;female;marking;48.465007;-18.974361;22/08/2019 07:13;August;2019;FT
2PD19-48AL;2PDMZ;female;marking;48.46584;-18.97426;15/05/2019 04:18;May;2019;FT
2PD19-51AL;2PDMZ;female;marking;48.46595;-18.97369;15/05/2019 04:18;May;2019;FT
2PD19-57AL;2PDMZ;female;marking;48.46653;-18.97254;15/05/2019 04:18;May;2019;FT
8PD136MA;8PDMZ;female;marking; 48.460849 ; -18.973268 ;28/08/2019 04:47;August;2019;FT
8PD141REFUL-MAL;8PDMZ;female;marking; 48.458967 ; -18.974075 ;28/08/2019 04:47;August;2019;FT
8PD136MA;8PDMZ;male;marking; 48.460849 ; -18.973268 ;28/08/2019 04:47;August;2019;FT
8PD141REFUL-MAL;8PDMZ;male;marking; 48.458362 ; -18.973345 ;28/08/2019 04:47;August;2019;FT
8PD149MAL;8PDMZ;male;marking; 48.459202 ; -18.974263 ;28/08/2019 04:47;August;2019;FT
8PD159MAL;8PDMZ;female;marking; 48.458799 ; -18.972056 ;29/08/2019 06:02;August;2019;FT
8PD169GE-MAL;8PDMZ;female;marking; 48.462105 ; -18.971262 ;29/08/2019 06:02;August;2019;FT
8PD173MAL;8PDMZ;female;marking; 48.464018 ; -18.971005 ;29/08/2019 06:02;August;2019;FT
8PD159MAL;8PDMZ;male;marking; 48.458799 ; -18.972056 ;29/08/2019 06:02;August;2019;FT
8PD166MAL;8PDMZ;male;marking; 48.460857 ; -18.971711 ;29/08/2019 06:02;August;2019;FT
8PD169GE-MAL;8PDMZ;male;marking; 48.462105 ; -18.971262 ;29/08/2019 06:02;August;2019;FT
8PD173MAL;8PDMZ;male;marking; 48.464018 ; -18.971005 ;29/08/2019 06:02;August;2019;FT
6PD54MAL;6PDMZ;female;marking;48.463092;-18.978868;04/10/2019 05:41;October;2019;FT
6PD54MAL;6PDMZ;male;marking;48.463092;-18.978868;04/10/2019 05:41;October;2019;FT
6PD55MAL;6PDMZ;male;marking;48.463519;-18.978578;04/10/2019 05:41;October;2019;FT
6PD55MAL;6PDMZ;female;marking; 48.460244 ; -18.976399 ;04/10/2019 05:41;October;2019;FT
6PD66MAL;6PDMZ;female;marking; 48.464187 ; -18.976478 ;05/09/2019 09:48;September;2019;FT
6PD57REFXMAL;6PDMZ;male;marking; 48.461021 ; -18.976883 ;05/09/2019 04:19;September;2019;FT
6PD63MAL;6PDMZ;male;marking; 48.463397 ; -18.976137 ;05/09/2019 04:19;September;2019;FT
6PD66MAL;6PDMZ;male;marking; 48.464187 ; -18.976478 ;05/09/2019 04:19;September;2019;FT
4PDF178MAL;4PDMZ;female;marking; 48.463285 ; -18.983084 ;02/09/2019 04:42;September;2019;FT
4PDF178MAL;4PDMZ;male;marking; 48.463285 ; -18.983084 ;02/09/2019 04:42;September;2019;FT
4PDF62MAL;4PDMZ;female;marking;48.462852;-18.981296;02/09/2019 04:42;September;2019;FT
4PDF62MAL;4PDMZ;male;marking;48.462852;-18.981296;02/09/2019 04:42;September;2019;FT
3PDF10MAL;3PDMZ;female;marking; 48.46593 ; -18.967184 ;20/05/2019 08:28;May;2019;FT
3PD16MAL;3PDMZ;female;marking; 48.465958 ; -18.967182 ;20/05/2019 08:28;May;2019;FT
3PDF21MAL;3PDMZ;female;marking; 48.467218 ; -18.968778 ;20/05/2019 08:28;May;2019;FT
3PDF24GE-MAL;3PDMZ;female;marking; 48.468033 ; -18.968218 ;23/05/2019 05:04;May;2019;FT
3PD15MAL;3PDMZ;male;marking; 48.465464 ; -18.967185 ;23/05/2019 05:04;May;2019;FT
3PD16MAL;3PDMZ;male;marking; 48.465958 ; -18.967182 ;23/05/2019 05:04;May;2019;FT
3PDF21MAL;3PDMZ;male;marking; 48.467218 ; -18.968778 ;23/05/2019 05:04;May;2019;FT
3PDF24GE-MAL;3PDMZ;male;marking; 48.468033 ; -18.968218 ;23/05/2019 05:04;May;2019;FT
3PD216MAL-RE-RU;3PDMZ;female;marking; 48.468627 ; -18.96844 ;27/08/2019 04:14;August;2019;FT
3PD217MAL;3PDMZ;female;marking; 48.468081 ; -18.968153 ;27/08/2019 04:14;August;2019;FT
3PD216MAL-RE-RU;3PDMZ;male;marking; 48.468627 ; -18.96844 ;27/08/2019 04:14;August;2019;FT
3PD217MAL;3PDMZ;male;marking; 48.468081 ; -18.968153 ;27/08/2019 04:14;August;2019;FT
83;2PDMZ;female;marking;48.46513;-18.97281;05/11/2019;November;2019;FT
84;2PDMZ;female;marking;48.464469;-18.97272;05/11/2019;November;2019;FT
83;2PDMZ;male;marking;48.46513;-18.97281;05/11/2019;November;2019;FT
84;2PDMZ;male;marking;48.464469;-18.97272;05/11/2019;November;2019;FT
96;2PDMZ;female;marking;48.465205;-18.975155;06/11/2019;November;2019;FT
96;2PDMZ;male;marking;48.465205;-18.975155;06/11/2019;November;2019;FT
5;3PDMZ;female;marking;48.464475;-18.970861;07/11/2019;November;2019;FT
7;3PDMZ;female;marking;48.46482;-18.971712;07/11/2019;November;2019;FT
8;3PDMZ;female;marking;48.465251;-18.971335;07/11/2019;November;2019;FT
5;3PDMZ;male;marking;48.464475;-18.970861;07/11/2019;November;2019;FT
7;3PDMZ;male;marking;48.46482;-18.971712;07/11/2019;November;2019;FT
8;3PDMZ;male;marking;48.465251;-18.971335;07/11/2019;November;2019;FT
91;3PDMZ;female;marking;48.466104;-18.96687;10/12/2019;December;2019;FT
95;3PDMZ;male;marking;48.464638;-18.966253;10/12/2019;December;2019;FT
13;3PDMZ;female;marking;48.469219;-18.969392;11/11/2019;November;2019;FT
12;3PDMZ;male;marking;48.469151;-18.969508;11/11/2019;November;2019;FT
13;3PDMZ;male;marking;48.469219;-18.969392;11/11/2019;November;2019;FT
29;3PDMZ;female;marking;48.468214;-18.969922;12/11/2019;November;2019;FT
29;3PDMZ;male;marking;48.468214;-18.969922;12/11/2019;November;2019;FT
38;3PDMZ;male;marking;48.467151;-18.967197;12/11/2019;November;2019;FT
39;3PDMZ;male;marking;48.466826;-18.967092;12/11/2019;November;2019;FT
42;3PDMZ;male;marking;48.466456;-18.968076;12/11/2019;November;2019;FT
70;4PDMZ;female;marking;48.463623;-18.981452;19/11/2019;November;2019;FT
79;4PDMZ;female;marking;48.464518;-18.982937;21/11/2019;November;2019;FT
79;4PDMZ;male;marking;48.464518;-18.982937;21/11/2019;November;2019;FT
105;4PDMZ;female;marking;48.463327;-18.982518;28/11/2019;November;2019;FT
3PDF04AL;3PDMZ;female;marking; 48.468043 ; -18.968119 ;09/09/2019;September;2019;FT
