gps_code;group;sex;type;mark_count;lon;lat;date;month;year
8PD03MC;8PDMZ;male;marking;1;48.459979;-18.973445;29/05/2018 09:03;May;2019
8PD04AL;8PDMZ;male;marking;2;48.459957;-18.97361;29/05/2018 09:03;May;2019
8PD05MC;8PDMZ;male;marking;1;48.459853;-18.973558;29/05/2018 09:03;May;2019
8PD07DPL;8PDMZ;male;marking;1;48.459604;-18.972746;29/05/2018 09:03;May;2019
8PD08AL;8PDMZ;male;marking;4;48.45946;-18.972654;29/05/2018 09:03;May;2019
8PD12MC;8PDMZ;male;marking;2;48.46025;-18.971818;29/05/2018 09:03;May;2019
8PD13RE;8PDMZ;male;marking;1;48.460811;-18.971727;29/05/2018 09:03;May;2019
8PD17D;8PDMZ;male;marking;7;48.459506;-18.97267;30/05/2018 10:03;May;2019
8PD18AL;8PDMZ;male;marking;1;48.459771;-18.972289;30/05/2018 10:03;May;2019
8PD19-100MA;8PDMZ;male;marking;1;48.461478;-18.97329;18/07/2019 09:07;July;2019
8PD19-101MA;8PDMZ;male;marking;1;48.461909;-18.973296;18/07/2019 09:07;July;2019
8PD19-105MAL;8PDMZ;male;marking;1;48.461478;-18.97329;18/07/2019 09:07;July;2019
8PD19-114MAL;8PDMZ;male;marking;3;48.461937;-18.971646;19/07/2019 05:41;July;2019
8PD19-115MAL;8PDMZ;male;marking;1;48.462111;-18.972057;19/07/2019 05:41;July;2019
8PD19-118AL;8PDMZ;male;marking;1;48.461189;-18.972664;19/07/2019 05:41;July;2019
8PD19-11MA;8PDMZ;male;marking;1;48.460227;-18.971839;19/07/2019 05:41;July;2019
8PD19-122MA;8PDMZ;male;marking;2;48.459819;-18.972867;19/07/2019 05:41;July;2019
8PD19-123GE-MAL;8PDMZ;male;marking;1;48.459666;-18.972662;19/07/2019 05:41;July;2019
8PD19-126MAL;8PDMZ;male;marking;3;48.45891;-18.972176;19/07/2019 05:41;July;2019
8PD19-127MA;8PDMZ;male;marking;3;48.45907;-18.972474;19/07/2019 05:41;July;2019
8PD19-128MA;8PDMZ;male;marking;1;48.459406;-18.972566;19/07/2019 05:41;July;2019
8PD19-12MA;8PDMZ;male;marking;3;48.46025;-18.971818;03/06/2019 07:53;June;2019
8PD19-19MA;8PDMZ;male;marking;1;48.460186;-18.971833;03/06/2019 07:53;June;2019
8PD19-1DAL;8PDMZ;male;marking;1;48.460797;-18.973567;29/05/2018 08:20;May;2019
8PD19-30MA;8PDMZ;male;marking;1;48.46156;-18.97355;04/06/2019 05:47;June;2019
8PD19-33MA;8PDMZ;male;marking;1;48.46085;-18.97322;04/06/2019 05:47;June;2019
8PD19-40MA;8PDMZ;male;marking;2;48.45951;-18.97503;04/06/2019 05:47;June;2019
8PD19-61AL;8PDMZ;male;marking;1;48.45897;-18.97229;05/06/2019 07:31;June;2019
8PD19-62MAL;8PDMZ;male;marking;1;48.45895;-18.97220;05/06/2019 07:31;June;2019
8PD19-71MAL;8PDMZ;male;marking;1;48.46059;-18.97181;05/06/2019 07:31;June;2019
8PD19-84MALGE;8PDMZ;male;marking;5;48.46215;-18.97149;28/06/2019 05:44;June;2019
8PD19-86MAL;8PDMZ;male;marking;1;48.46149;-18.971281;28/06/2019 05:44;June;2019
8PD19-93MA;8PDMZ;male;marking;2;48.459649;-18.975217;18/07/2019 06:35;July;2019
8PD19-94GEO_MAL;8PDMZ;male;marking;1;48.459894;-18.97468;18/07/2019 06:58;July;2019
8PD20RE;8PDMZ;male;marking;9;48.460797;-18.971864;30/05/2018 11:29;May;2018
8PD264DD;8PDMZ;male;marking;2;48.459907;-18.97294;30/07/2018 08:21;July;2018
8PD265AL;8PDMZ;male;marking;4;48.459895;-18.972963;30/07/2018 08:21;July;2018
8PD267MC;8PDMZ;male;marking;2;48.459823;-18.973656;30/07/2018 08:21;July;2018
8PD268MC;8PDMZ;male;marking;1;48.460151;-18.973747;30/07/2018 08:21;July;2018
8PD269DPL;8PDMZ;male;marking;3;48.460165;-18.973656;30/07/2018 08:21;July;2018
8PD274MC;8PDMZ;male;marking;1;48.461481;-18.973251;30/07/2018 08:21;July;2018
8PD275AL;8PDMZ;male;marking;1;48.461601;-18.973406;30/07/2018 08:21;July;2018
8PD276MC;8PDMZ;male;marking;3;48.462021;-18.973536;30/07/2018 08:21;July;2018
8PD278AL;8PDMZ;male;marking;3;48.462982;-18.973856;30/07/2018 08:21;July;2018
8PD279MC;8PDMZ;male;marking;1;48.462618;-18.974051;30/07/2018 08:21;July;2018
8PD27DPL;8PDMZ;male;marking;2;48.463498;-18.97099;30/07/2018 08:21;July;2018
8PD280AL;8PDMZ;male;marking;1;48.462412;-18.974351;30/07/2018 08:21;July;2018
8PD285DD;8PDMZ;male;marking;2;48.461908;-18.974126;31/07/2018 07:15;July;2018
8PD286AL;8PDMZ;male;marking;1;48.461828;-18.974323;31/07/2018 07:15;July;2018
8PD287MC;8PDMZ;male;marking;2;48.461843;-18.974654;31/07/2018 07:15;July;2018
8PD288MC;8PDMZ;male;marking;1;48.461909;-18.974538;31/07/2018 07:15;July;2018
8PD290MC;8PDMZ;male;marking;1;48.462362;-18.974272;31/07/2018 07:15;July;2018
8PD292MC;8PDMZ;male;marking;2;48.462918;-18.973846;31/07/2018 07:15;July;2018
8PD293AL;8PDMZ;male;marking;4;48.462485;-18.973316;31/07/2018 07:15;July;2018
8PD31MC;8PDMZ;male;marking;1;48.460832;-18.974905;04/06/2018 10:41;June;2018
8PD33MC;8PDMZ;male;marking;3;48.461769;-18.97472;04/06/2018 10:41;June;2018
8PD36MC;8PDMZ;male;marking;1;48.462109;-18.974054;04/06/2018 10:41;June;2018
8PD41DMC;8PDMZ;male;marking;2;48.462008;-18.971251;05/06/2018 07:39;June;2018
8PD49AL;8PDMZ;male;marking;3;48.460202;-18.971935;05/06/2018 07:39;June;2018
8PD53MC;8PDMZ;male;marking;1;48.45946;-18.972719;05/06/2018 07:39;June;2018
8PD55RE;8PDMZ;male;marking;1;48.459573;-18.972928;05/06/2018 07:39;June;2018
8PD03MC;8PDMZ;female;marking;2;48.459979;-18.973445;29/05/2018 09:03;May;2018
8PD05MC;8PDMZ;female;marking;1;48.459853;-18.973558;29/05/2018 09:03;May;2018
8PD07DPL;8PDMZ;female;marking;1;48.459604;-18.972746;29/05/2018 09:03;May;2018
8PD08AL;8PDMZ;female;marking;1;48.45946;-18.972654;29/05/2018 09:03;May;2018
8PD13RE;8PDMZ;female;marking;1;48.460811;-18.971727;29/05/2018 09:03;May;2018
8PD15AL;8PDMZ;female;marking;3;48.461189;-18.972027;29/05/2018 09:03;May;2018
8PD19-106MA;8PDMZ;female;marking;1;48.463232;-18.972713;18/07/2019 11:14;July;2019
8PD19-112DOR;8PDMZ;female;marking;1;48.46238;-18.971764;19/07/2019 04:24;July;2019
8PD19-114MAL;8PDMZ;female;marking;3;48.461937;-18.971646;19/07/2019 04:24;July;2019
8PD19-11MA;8PDMZ;female;marking;2;48.45949;-18.97426;03/06/2019 07:29;June;2019
8PD19-122MA;8PDMZ;female;marking;1;48.459819;-18.972867;19/07/2019 09:08;July;2019
8PD19-127MA;8PDMZ;female;marking;1;48.45907;-18.972474;19/07/2019 09:08;July;2019
8PD19-12MA;8PDMZ;female;marking;1;48.45920;-18.97450;03/06/2019 07:29;June;2019
8PD19-1DOR;8PDMZ;female;marking;1;48.46194;-18.97418;03/06/2019 05:18;June;2019
8PD19-24MAL;8PDMZ;female;marking;1;48.45928;-18.97206;03/06/2019 09:18;June;2019
8PD19-40MA;8PDMZ;female;marking;2;48.45951;-18.97503;04/06/2019 07:28;June;2019
8PD19-71MAL;8PDMZ;female;marking;1;48.46059;-18.97181;05/06/2019 10:05;June;2019
8PD19-73MA;8PDMZ;female;marking;3;48.46119;-18.97154;05/06/2019 10:05;June;2019
8PD19-74MA;8PDMZ;female;marking;1;48.46150;-18.97194;05/06/2019 10:05;June;2019
8PD19-83MAL;8PDMZ;female;marking;1;48.461948;-18.971301;28/06/2019 05:21;June;2019
8PD19-84MALGE;8PDMZ;female;marking;1;48.46196;-18.971385;28/06/2019 05:21;June;2019
8PD265AL;8PDMZ;female;marking;3;48.459895;-18.972963;30/07/2018 08:31;July;2019
8PD276MC;8PDMZ;female;marking;1;48.462021;-18.973536;30/07/2018 08:31;July;2019
8PD278AL;8PDMZ;female;marking;2;48.462982;-18.973856;30/07/2018 08:31;July;2019
8PD288MC;8PDMZ;female;marking;1;48.461909;-18.974538;31/07/2018 08:53;July;2019
8PD54MC;8PDMZ;female;marking;1;48.459478;-18.972636;05/06/2018 14:03;June;2019
8PD62DD;8PDMZ;female;marking;1;48.460752;-18.972836;06/06/2018 06:14;June;2019
6PD103MC;6PDMZ;male;marking;5;48.459854;-18.974735;12/06/2018 07:08;June;2019
6PD105MC;6PDMZ;male;marking;7;48.459334;-18.97494;12/06/2018 07:08;June;2019
6PD107AL;6PDMZ;male;marking;6;48.459421;-18.975189;12/06/2018 07:08;June;2019
6PD111AL;6PDMZ;male;marking;1;48.458722;-18.976287;12/06/2018 07:08;June;2019
6PD112MC;6PDMZ;male;marking;1;48.458502;-18.976455;12/06/2018 07:08;June;2019
6PD116MC;6PDMZ;male;marking;1;48.458151;-18.977252;12/06/2018 07:08;June;2019
6PD117AL;6PDMZ;male;marking;2;48.457946;-18.977332;12/06/2018 07:08;June;2019
6PD119MC;6PDMZ;male;marking;3;48.458505;-18.978105;12/06/2018 07:08;June;2019
6PD121MC;6PDMZ;male;marking;3;48.459291;-18.978298;12/06/2018 07:08;June;2019
6PD138AL;6PDMZ;male;marking;1;48.46022;-18.978582;13/06/2018 11:20;June;2019
6PD19-01MA;6PDMZ;male;marking;5;48.46228;-18.97658;10/06/2019 04:15;June;2019
6PD19-03MA;6PDMZ;male;marking;4;48.46266;-18.97626;10/06/2019 04:15;June;2019
6PD19-04MAL;6PDMZ;male;marking;4;48.46249;-18.97593;10/06/2019 04:15;June;2019
6PD19-08MA;6PDMZ;male;marking;2;48.46144;-18.97526;10/06/2019 04:15;June;2019
6PD19-09MAL;6PDMZ;male;marking;2;48.46091;-18.97556;10/06/2019 04:15;June;2019
6PD19-100MA;6PDMZ;male;marking;6;48.46286;-18.978103;29/07/2019 10:51;July;2019
6PD19-103MAL-REH1;6PDMZ;male;marking;2;48.463609;-18.977749;29/07/2019 10:51;July;2019
6PD19-105DOR-MA;6PDMZ;male;marking;3;48.463093;-18.976493;30/07/2019 04:15;July;2019
6PD19-106MAL;6PDMZ;male;marking;1;48.462937;-18.976923;30/07/2019 04:15;July;2019
6PD19-107MAL;6PDMZ;male;marking;4;48.462496;-18.977203;30/07/2019 04:15;July;2019
6PD19-109MAL;6PDMZ;male;marking;5;48.462812;-18.977916;30/07/2019 04:15;July;2019
6PD19-115MAL;6PDMZ;male;marking;4;48.461187;-18.979816;30/07/2019 04:15;July;2019
6PD19-121MA;6PDMZ;male;marking;1;48.459312;-18.978346;30/07/2019 04:15;July;2019
6PD19-124DOR-MAL;6PDMZ;male;marking;1;48.460069;-18.977332;31/07/2019 04:36;July;2019
6PD19-127MAL;6PDMZ;male;marking;5;48.460937;-18.976974;31/07/2019 04:36;July;2019
6PD19-128MAL;6PDMZ;male;marking;2;48.461263;-18.976548;31/07/2019 04:36;July;2019
6PD19-12MAL;6PDMZ;male;marking;1;48.45995;-18.97588;10/06/2019 07:36;June;2019
6PD19-131MAL;6PDMZ;male;marking;2;48.462387;-18.976022;31/07/2019 04:36;July;2019
6PD19-133MAL;6PDMZ;male;marking;7;48.463119;-18.97599;31/07/2019 04:36;July;2019
6PD19-136MA;6PDMZ;male;marking;1;48.464003;-18.975907;31/07/2019 04:36;July;2019
6PD19-139MAL;6PDMZ;male;marking;3;48.464182;-18.977013;31/07/2019 04:36;July;2019
6PD19-140MA;6PDMZ;male;marking;1;48.463834;-18.977287;31/07/2019 04:36;July;2019
6PD19-145MAL;6PDMZ;male;marking;1;48.461992;-18.978286;31/07/2019 04:36;July;2019
6PD19-148D-MAL;6PDMZ;male;marking;1;48.462137;-18.979185;01/08/2019 04:09;August;2019
6PD19-149MAL;6PDMZ;male;marking;5;48.462053;-18.97964;01/08/2019 04:09;August;2019
6PD19-14MAL;6PDMZ;male;marking;1;48.45937;-18.97590;10/06/2019 07:44;June;2019
6PD19-150MA;6PDMZ;male;marking;1;48.461616;-18.979714;01/08/2019 04:09;August;2019
6PD19-151MAL;6PDMZ;male;marking;4;48.461152;-18.979484;01/08/2019 04:09;August;2019
6PD19-153MAL;6PDMZ;male;marking;1;48.460473;-18.97992;01/08/2019 04:09;August;2019
6PD19-154MAL;6PDMZ;male;marking;1;48.460348;-18.979473;01/08/2019 04:09;August;2019
6PD19-155MAL;6PDMZ;male;marking;3;48.460648;-18.979146;01/08/2019 04:09;August;2019
6PD19-156MAL;6PDMZ;male;marking;3;48.460704;-18.97874;01/08/2019 04:09;August;2019
6PD19-157GE-MAL;6PDMZ;male;marking;2;48.460528;-18.978373;01/08/2019 04:09;August;2019
6PD19-15MAL;6PDMZ;male;marking;3;48.45931;-18.97565;11/06/2019 04:56;June;2019
6PD19-161MAL;6PDMZ;male;marking;3;48.458908;-18.977944;11/06/2019 04:56;June;2019
6PD19-21MA;6PDMZ;male;marking;1;48.46085;-18.97664;11/06/2019 04:56;June;2019
6PD19-39MAL;6PDMZ;male;marking;4;48.46209;-18.97900;12/06/2019 04:08;June;2019
6PD19-40MA;6PDMZ;male;marking;1;48.46214;-18.97951;12/06/2019 04:08;June;2019
6PD19-43MAL;6PDMZ;male;marking;6;48.46099;-18.97967;12/06/2019 04:08;June;2019
6PD19-44MAL;6PDMZ;male;marking;1;48.46086;-18.97914;12/06/2019 04:08;June;2019
6PD19-46MALRE-RUX;6PDMZ;male;marking;1;48.46050;-18.97862;12/06/2019 04:08;June;2019
6PD19-47MA;6PDMZ;male;marking;1;48.46028;-18.97815;12/06/2019 04:08;June;2019
6PD19-51MAL;6PDMZ;male;marking;1;48.46107;-18.97687;12/06/2019 04:08;June;2019
6PD19-53MA;6PDMZ;male;marking;1;48.46046;-18.97690;12/06/2019 04:08;June;2019
6PD19-54MAL;6PDMZ;male;marking;4;48.46018;-18.97723;12/06/2019 04:08;June;2019
6PD19-55MAL;6PDMZ;male;marking;4;48.45980;-18.97750;12/06/2019 04:08;June;2019
6PD19-63AL;6PDMZ;male;marking;2;48.46234;-18.97663;12/06/2019 04:08;June;2019
6PD19-65MAL;6PDMZ;male;marking;2;48.46298;-18.97600;12/06/2019 04:08;June;2019
6PD19-67MAL;6PDMZ;male;marking;8;48.46319;-18.97645;13/06/2019 04:13;June;2019
6PD19-68MALRE-GP2;6PDMZ;male;marking;4;48.46340;-18.97591;13/06/2019 04:13;June;2019
6PD19-69MAL;6PDMZ;male;marking;1;48.46358;-18.97630;13/06/2019 04:13;June;2019
6PD19-71MAL;6PDMZ;male;marking;2;48.46332;-18.97709;13/06/2019 04:13;June;2019
6PD19-79MAL;6PDMZ;male;marking;4;48.46115;-18.97888;13/06/2019 04:13;June;2019
6PD19-80MAL;6PDMZ;male;marking;4;48.46093;-18.97921;13/06/2019 04:13;June;2019
6PD19-82MAL;6PDMZ;male;marking;3;48.46036;-18.97985;13/06/2019 04:13;June;2019
6PD19-83MA;6PDMZ;male;marking;3;48.46086;-18.97963;13/06/2019 04:13;June;2019
6PD19-84MA;6PDMZ;male;marking;1;48.46092;-18.97918;13/06/2019 04:13;June;2019
6PD19-86MA;6PDMZ;male;marking;1;48.46052;-18.97859;13/06/2019 04:13;June;2019
6PD19-88MAL;6PDMZ;male;marking;1;48.461679;-18.975165;29/07/2019 04:48;July;2019
6PD19-89MAL-RERX;6PDMZ;male;marking;4;48.461916;-18.974802;29/07/2019 04:48;July;2019
6PD19-90MAL;6PDMZ;male;marking;3;48.461824;-18.974343;29/07/2019 04:48;July;2019
6PD19-91MAL;6PDMZ;male;marking;3;48.462399;-18.974722;29/07/2019 04:48;July;2019
6PD19-92MAL;6PDMZ;male;marking;4;48.462588;-18.975036;29/07/2019 04:48;July;2019
6PD19-97MAL;6PDMZ;male;marking;1;48.462277;-18.975292;29/07/2019 04:48;July;2019
6PD226AL;6PDMZ;male;marking;1;48.462552;-18.974928;23/07/2018 10:15;July;2018
6PD237MC;6PDMZ;male;marking;3;48.461733;-18.976435;24/07/2018 08:33;July;2018
6PD240DPL;6PDMZ;male;marking;1;48.462827;-18.976575;24/07/2018 08:33;July;2018
6PD241AL;6PDMZ;male;marking;1;48.4629;-18.976898;24/07/2018 08:33;July;2018
6PD243AL;6PDMZ;male;marking;1;48.463214;-18.977317;24/07/2018 08:33;July;2018
6PD251AL;6PDMZ;male;marking;1;48.462339;-18.97932;25/07/2018 11:20;July;2018
6PD252MCAL;6PDMZ;male;marking;1;48.462141;-18.979593;25/07/2018 11:20;July;2018
6PD253AL;6PDMZ;male;marking;2;48.462172;-18.97973;25/07/2018 11:20;July;2018
6PD255MC;6PDMZ;male;marking;1;48.461775;-18.979926;25/07/2018 11:20;July;2018
6PD258MC;6PDMZ;male;marking;1;48.461077;-18.97968;25/07/2018 11:20;July;2018
6PD408RE-V;6PDMZ;male;marking;1;48.460242;-18.974658;27/08/2018 10:02;August;2018
6PD409AL;6PDMZ;male;marking;3;48.459831;-18.974792;27/08/2018 10:02;August;2018
6PD420MC;6PDMZ;male;marking;2;48.460014;-18.975612;27/08/2018 10:02;August;2018
6PD422AL;6PDMZ;male;marking;2;48.460676;-18.976004;27/08/2018 10:02;August;2018
6PD425DPL;6PDMZ;male;marking;1;48.461861;-18.977085;27/08/2018 10:02;August;2018
6PD426MC;6PDMZ;male;marking;1;48.462225;-18.976929;27/08/2018 10:02;August;2018
6PD430DD;6PDMZ;male;marking;1;48.462158;-18.977764;28/08/2018 06:56;August;2018
6PD431AL;6PDMZ;male;marking;3;48.461767;-18.977763;28/08/2018 06:56;August;2018
6PD432AL;6PDMZ;male;marking;1;48.461311;-18.978004;28/08/2018 06:56;August;2018
6PD433AL;6PDMZ;male;marking;1;48.461049;-18.978375;28/08/2018 06:56;August;2018
6PD435AL;6PDMZ;male;marking;3;48.461278;-18.979134;28/08/2018 06:56;August;2018
6PD436AL;6PDMZ;male;marking;3;48.461033;-18.979541;28/08/2018 06:56;August;2018
6PD438MC;6PDMZ;male;marking;5;48.460941;-18.980018;28/08/2018 06:56;August;2018
6PD440MC;6PDMZ;male;marking;12;48.461485;-18.980495;28/08/2018 06:56;August;2018
6PD90MC;6PDMZ;male;marking;1;48.461882;-18.978394;11/06/2018 10:16;June;2018
6PD117AL;6PDMZ;female;marking;3;48.457946;-18.977332;12/06/2018 10:30;June;2018
6PD119MC;6PDMZ;female;marking;1;48.458505;-18.978105;12/06/2018 10:30;June;2018
6PD138AL;6PDMZ;female;marking;1;48.46022;-18.978582;13/06/2018 11:20;June;2018
6PD19-03MA;6PDMZ;female;marking;1;48.46266;-18.97626;10/06/2019 04:49;June;2019
6PD19-04MAL;6PDMZ;female;marking;3;48.46249;-18.97593;10/06/2019 04:49;June;2019
6PD19-08MA;6PDMZ;female;marking;1;48.46144;-18.97526;10/06/2019 04:49;June;2019
6PD19-09MAL;6PDMZ;female;marking;1;48.46091;-18.97556;10/06/2019 04:49;June;2019
6PD19-100MA;6PDMZ;female;marking;2;48.46286;-18.978103;29/07/2019 10:51;July;2019
6PD19-101MAL;6PDMZ;female;marking;1;48.463314;-18.978007;29/07/2019 10:51;July;2019
6PD19-105DOR-MA;6PDMZ;female;marking;1;48.463093;-18.976493;30/07/2019 04:15;July;2019
6PD19-107MAL;6PDMZ;female;marking;2;48.462496;-18.977203;30/07/2019 04:15;July;2019
6PD19-109MAL;6PDMZ;female;marking;2;48.462812;-18.977916;30/07/2019 04:15;July;2019
6PD19-113MAL-REI10;6PDMZ;female;marking;2;48.462087;-18.97959;30/07/2019 04:15;July;2019
6PD19-115MAL;6PDMZ;female;marking;2;48.461187;-18.979816;30/07/2019 04:15;July;2019
6PD19-124DOR-MAL;6PDMZ;female;marking;1;48.460069;-18.977332;31/07/2019 04:36;July;2019
6PD19-127MAL;6PDMZ;female;marking;3;48.460937;-18.976974;31/07/2019 04:36;July;2019
6PD19-128MAL;6PDMZ;female;marking;3;48.461263;-18.976548;31/07/2019 04:36;July;2019
6PD19-12MAL;6PDMZ;female;marking;1;48.45995;-18.97588;10/06/2019 07:36;June;2019
6PD19-133MAL;6PDMZ;female;marking;3;48.463119;-18.97599;31/07/2019 09:23;July;2019
6PD19-139MAL;6PDMZ;female;marking;1;48.464182;-18.977013;31/07/2019 09:23;July;2019
6PD19-140MA;6PDMZ;female;marking;1;48.463834;-18.977287;31/07/2019 09:23;July;2019
6PD19-148D-MAL;6PDMZ;female;marking;1;48.462137;-18.979185;01/08/2019 04:09;August;2019
6PD19-149MAL;6PDMZ;female;marking;2;48.462053;-18.97964;01/08/2019 04:09;August;2019
6PD19-14MAL;6PDMZ;female;marking;2;48.45937;-18.97590;01/08/2019 04:09;August;2019
6PD19-150MA;6PDMZ;female;marking;2;48.461616;-18.979714;01/08/2019 04:09;August;2019
6PD19-151MAL;6PDMZ;female;marking;1;48.461152;-18.979484;01/08/2019 04:09;August;2019
6PD19-153MAL;6PDMZ;female;marking;1;48.460473;-18.97992;01/08/2019 04:09;August;2019
6PD19-154MAL;6PDMZ;female;marking;1;48.460348;-18.979473;01/08/2019 04:09;August;2019
6PD19-155MAL;6PDMZ;female;marking;2;48.460648;-18.979146;01/08/2019 04:09;August;2019
6PD19-157GE-MAL;6PDMZ;female;marking;2;48.460528;-18.978373;01/08/2019 04:09;August;2019
6PD19-15MAL;6PDMZ;female;marking;1;48.45931;-18.97565;10/06/2019 07:56;June;2019
6PD19-161MAL;6PDMZ;female;marking;2;48.458908;-18.977944;01/08/2019 11:56;August;2019
6PD19-21MAL;6PDMZ;female;marking;1;48.46085;-18.97664;11/06/2019 04:56;June;2019
6PD19-39MAL;6PDMZ;female;marking;3;48.46209;-18.97900;12/06/2019 04:08;June;2019
6PD19-43MAL;6PDMZ;female;marking;5;48.46099;-18.97967;12/06/2019 04:08;June;2019
6PD19-44MAL;6PDMZ;female;marking;2;48.46086;-18.97914;12/06/2019 04:08;June;2019
6PD19-54MAL;6PDMZ;female;marking;1;48.46018;-18.97723;12/06/2019 04:08;June;2019
6PD19-55MAL;6PDMZ;female;marking;3;48.45980;-18.97750;12/06/2019 04:08;June;2019
6PD19-56AL;6PDMZ;female;marking;1;48.46021;-18.97751;12/06/2019 04:08;June;2019
6PD19-67MAL;6PDMZ;female;marking;4;48.46319;-18.97645;13/06/2019 04:13;June;2019
6PD19-68MALRE-GP2;6PDMZ;female;marking;3;48.46340;-18.97591;13/06/2019 04:13;June;2019
6PD19-69MAL;6PDMZ;female;marking;1;48.46358;-18.97630;13/06/2019 04:13;June;2019
6PD19-71MAL;6PDMZ;female;marking;2;48.46332;-18.97709;13/06/2019 04:13;June;2019
6PD19-79MAL;6PDMZ;female;marking;2;48.46115;-18.97888;13/06/2019 04:13;June;2019
6PD19-80MAL;6PDMZ;female;marking;3;48.46093;-18.97921;13/06/2019 04:13;June;2019
6PD19-83MA;6PDMZ;female;marking;3;48.46086;-18.97963;13/06/2019 04:13;June;2019
6PD19-88MAL;6PDMZ;female;marking;1;48.461679;-18.975165;29/07/2019 04:48;July;2019
6PD19-89MAL-RERX;6PDMZ;female;marking;1;48.461916;-18.974802;29/07/2019 04:48;July;2019
6PD19-90MAL;6PDMZ;female;marking;2;48.461824;-18.974343;29/07/2019 04:48;July;2019
6PD19-91MAL;6PDMZ;female;marking;4;48.462399;-18.974722;29/07/2019 04:48;July;2019
6PD226AL;6PDMZ;female;marking;1;48.462552;-18.974928;23/07/2018 10:15;July;2018
6PD237MC;6PDMZ;female;marking;1;48.461733;-18.976435;24/07/2018 08:33;July;2018
6PD249DD;6PDMZ;female;marking;1;48.461979;-18.979001;25/07/2018 07:20;July;2018
6PD251AL;6PDMZ;female;marking;1;48.462339;-18.97932;25/07/2018 07:20;July;2018
6PD253AL;6PDMZ;female;marking;2;48.462172;-18.97973;25/07/2018 07:20;July;2018
6PD408RE-V;6PDMZ;female;marking;3;48.460242;-18.974658;27/08/2018 10:02;August;2018
6PD409AL;6PDMZ;female;marking;2;48.459831;-18.974792;27/08/2018 10:02;August;2018
6PD411AL;6PDMZ;female;marking;1;48.459798;-18.973489;27/08/2018 10:02;August;2018
6PD420MC;6PDMZ;female;marking;2;48.460014;-18.975612;27/08/2018 10:02;August;2018
6PD422AL;6PDMZ;female;marking;2;48.460676;-18.976004;27/08/2018 10:02;August;2018
6PD425DPL;6PDMZ;female;marking;1;48.461861;-18.977085;27/08/2018 10:02;August;2018
6PD426MC;6PDMZ;female;marking;1;48.462225;-18.976929;27/08/2018 10:02;August;2018
6PD431AL;6PDMZ;female;marking;2;48.461767;-18.977763;28/08/2018 07:08;August;2018
6PD435AL;6PDMZ;female;marking;1;48.461278;-18.979134;28/08/2018 07:08;August;2018
6PD436AL;6PDMZ;female;marking;1;48.461033;-18.979541;28/08/2018 07:08;August;2018
6PD438MC;6PDMZ;female;marking;3;48.460941;-18.980018;28/08/2018 07:08;August;2018
6PD440MC;6PDMZ;female;marking;8;48.461485;-18.980495;28/08/2018 07:08;August;2018
6PD96MC;6PDMZ;female;marking;1;48.462378;-18.976402;11/06/2018 13:59;June;2018
6PD98MC;6PDMZ;female;marking;1;48.462033;-18.97611;11/06/2018 13:59;June;2018
4PD152MC;4PDMZ;male;marking;1;48.466193;-18.982309;19/06/2018 09:16;June;2018
4PD153MC;4PDMZ;male;marking;2;48.465808;-18.982205;19/06/2018 09:16;June;2018
4PD157MC;4PDMZ;male;marking;2;48.464592;-18.982143;19/06/2018 09:16;June;2018
4PD160MC;4PDMZ;male;marking;1;48.463534;-18.982601;19/06/2018 09:16;June;2018
4PD161MC;4PDMZ;male;marking;1;48.463439;-18.982745;19/06/2018 09:16;June;2018
4PD171DDO;4PDMZ;male;marking;4;48.462576;-18.983172;20/06/2018 07:15;June;2018
4PD172AL;4PDMZ;male;marking;1;48.462501;-18.983121;20/06/2018 07:15;June;2018
4PD174MC;4PDMZ;male;marking;2;48.46246;-18.982828;20/06/2018 07:15;June;2018
4PD180MC;4PDMZ;male;marking;1;48.46177;-18.98063;20/06/2018 07:15;June;2018
4PD183MC;4PDMZ;male;marking;1;48.462441;-18.980613;20/06/2018 07:15;June;2018
4PD187MC;4PDMZ;male;marking;1;48.462944;-18.980916;20/06/2018 07:15;June;2018
4PD189DD;4PDMZ;male;marking;2;48.463136;-18.981248;18/07/2018 08:39;July;2018
4PD19-101MA;4PDMZ;male;marking;1;48.466311;-18.98342;10/07/2019 08:06;July;2019
4PD19-103MAL-REV2;4PDMZ;male;marking;2;48.465601;-18.983189;10/07/2019 08:06;July;2019
4PD19-105MAL;4PDMZ;male;marking;4;48.4654;-18.982813;10/07/2019 08:06;July;2019
4PD19-107MAL;4PDMZ;male;marking;3;48.465107;-18.98213;10/07/2019 08:06;July;2019
4PD19-108AL;4PDMZ;male;marking;1;48.4652;-18.981759;10/07/2019 08:06;July;2019
4PD19-110MA;4PDMZ;male;marking;8;48.4654;-18.982334;11/07/2019 04:44;July;2019
4PD19-111MA;4PDMZ;male;marking;4;48.465615;-18.982601;11/07/2019 04:44;July;2019
4PD19-112MAL;4PDMZ;male;marking;3;48.465628;-18.983161;11/07/2019 04:44;July;2019
4PD19-114MAL;4PDMZ;male;marking;2;48.465183;-18.983805;11/07/2019 04:44;July;2019
4PD19-115MAL;4PDMZ;male;marking;2;48.465092;-18.984165;11/07/2019 04:44;July;2019
4PD19-117MA;4PDMZ;male;marking;5;48.46463;-18.984378;11/07/2019 04:44;July;2019
4PD19-118MAL;4PDMZ;male;marking;2;48.464262;-18.984359;11/07/2019 04:44;July;2019
4PD19-121MAL;4PDMZ;male;marking;2;48.463723;-18.983594;11/07/2019 04:44;July;2019
4PD19-124MAL;4PDMZ;male;marking;2;48.463525;-18.982312;11/07/2019 04:44;July;2019
4PD19-126D-MAL;4PDMZ;male;marking;5;48.465216;-18.982154;12/08/2019 04:13;August;2019
4PD19-127MAL;4PDMZ;male;marking;1;48.465434;-18.982503;12/08/2019 04:13;August;2019
4PD19-128MAL;4PDMZ;male;marking;2;48.465838;-18.982703;12/08/2019 04:13;August;2019
4PD19-131MAL;4PDMZ;male;marking;1;48.465712;-18.982444;12/08/2019 04:13;August;2019
4PD19-133MAL;4PDMZ;male;marking;2;48.464889;-18.982606;12/08/2019 04:13;August;2019
4PD19-137D-MAL;4PDMZ;male;marking;10;48.465273;-18.983736;13/08/2019 04:36;August;2019
4PD19-138MAL;4PDMZ;male;marking;6;48.465649;-18.983845;13/08/2019 04:36;August;2019
4PD19-139MAL-REVX;4PDMZ;male;marking;3;48.46576;-18.984208;13/08/2019 04:36;August;2019
4PD19-140MAL;4PDMZ;male;marking;2;48.465396;-18.984574;13/08/2019 04:36;August;2019
4PD19-141MAL;4PDMZ;male;marking;2;48.464961;-18.984601;13/08/2019 04:36;August;2019
4PD19-143MAL;4PDMZ;male;marking;1;48.464453;-18.983984;13/08/2019 04:36;August;2019
4PD19-145MAL;4PDMZ;male;marking;1;48.463698;-18.983549;13/08/2019 04:36;August;2019
4PD19-150MAL;4PDMZ;male;marking;2;48.463111;-18.981903;13/08/2019 04:36;August;2019
4PD19-154D-MAL;4PDMZ;male;marking;9;48.463149;-18.980364;14/08/2019 04:06;August;2019
4PD19-155MAL;4PDMZ;male;marking;6;48.462669;-18.980467;14/08/2019 04:06;August;2019
4PD19-158MAL;4PDMZ;male;marking;4;48.46145;-18.980998;14/08/2019 04:06;August;2019
4PD19-159MAL;4PDMZ;male;marking;1;48.461654;-18.981349;14/08/2019 04:06;August;2019
4PD19-16DPL;4PDMZ;male;marking;6;48.46316;-18.98034;18/09/2019 11:35;September;2019
4PD19-18MA;4PDMZ;male;marking;2;48.46291;-18.98011;18/09/2019 11:35;September;2019
4PD19-19MAL;4PDMZ;male;marking;3;48.46275;-18.98043;18/09/2019 11:35;September;2019
4PD19-21MAL;4PDMZ;male;marking;1;48.46265;-18.98074;18/09/2019 11:35;September;2019
4PD19-22MAL;4PDMZ;male;marking;1;48.46285;-18.98107;30/05/2019 07:06;May;2019
4PD19-25MAL;4PDMZ;male;marking;1;48.46292;-18.98186;30/05/2019 07:06;May;2019
4PD19-26MA;4PDMZ;male;marking;1;48.46287;-18.98218;30/05/2019 07:06;May;2019
4PD19-27AL;4PDMZ;male;marking;1;48.46272;-18.98227;30/05/2019 07:06;May;2019
4PD19-29MAL;4PDMZ;male;marking;3;48.46322;-18.98271;30/05/2019 07:06;May;2019
4PD19-30MA;4PDMZ;male;marking;3;48.46349;-18.98290;30/05/2019 07:06;May;2019
4PD19-40MA;4PDMZ;male;marking;2;48.46554;-18.98368;31/05/2019 06:34;May;2019
4PD19-42MAL;4PDMZ;male;marking;3;48.46492;-18.98362;31/05/2019 06:34;May;2019
4PD19-45MAL;4PDMZ;male;marking;2;48.46447;-18.98298;31/05/2019 06:34;May;2019
4PD19-46GEO;4PDMZ;male;marking;1;48.46435;-18.98295;31/05/2019 06:34;May;2019
4PD19-50GE-MA;4PDMZ;male;marking;5;48.46353;-18.98287;31/05/2019 06:34;May;2019
4PD19-52MA;4PDMZ;male;marking;3;48.46280;-18.98227;31/05/2019 06:34;May;2019
4PD19-59MAL;4PDMZ;male;marking;2;48.463074;-18.981075;08/07/2019 06:18;July;2019
4PD19-60MAL;4PDMZ;male;marking;1;48.463092;-18.980612;08/07/2019 06:18;July;2019
4PD19-62MA;4PDMZ;male;marking;3;48.462548;-18.980494;08/07/2019 06:18;July;2019
4PD19-65MAL;4PDMZ;male;marking;1;48.461388;-18.98064;08/07/2019 06:18;July;2019
4PD19-66MAL;4PDMZ;male;marking;2;48.461139;-18.980861;08/07/2019 06:18;July;2019
4PD19-67MA;4PDMZ;male;marking;5;48.461132;-18.98121;08/07/2019 06:18;July;2019
4PD19-68MA;4PDMZ;male;marking;1;48.461416;-18.98129;08/07/2019 06:18;July;2019
4PD19-74AL-REV;4PDMZ;male;marking;1;48.462744;-18.982282;08/07/2019 06:18;July;2019
4PD19-76DORMAL;4PDMZ;male;marking;4;48.463;-18.98222;09/07/2019 13:06;July;2019
4PD19-78MAL;4PDMZ;male;marking;3;48.463119;-18.982902;09/07/2019 13:06;July;2019
4PD19-79MAL;4PDMZ;male;marking;2;48.462896;-18.983203;09/07/2019 13:06;July;2019
4PD19-80MAL-REI9;4PDMZ;male;marking;1;48.462489;-18.983174;09/07/2019 13:06;July;2019
4PD19-82MAL;4PDMZ;male;marking;3;48.461945;-18.982825;09/07/2019 13:06;July;2019
4PD19-85MAL;4PDMZ;male;marking;3;48.462358;-18.982538;09/07/2019 13:06;July;2019
4PD19-91MA;4PDMZ;male;marking;1;48.464444;-18.982388;09/07/2019 13:06;July;2019
4PD19-93AL-REI3;4PDMZ;male;marking;1;48.465183;-18.982576;09/07/2019 13:06;July;2019
4PD19-96D-MAL;4PDMZ;male;marking;6;48.466525;-18.982343;10/07/2019 14:00;July;2019
4PD19-97MAL;4PDMZ;male;marking;7;48.466825;-18.982427;10/07/2019 14:00;July;2019
4PD19-98MA;4PDMZ;male;marking;5;48.46708;-18.982734;10/07/2019 14:00;July;2019
4PD19-99MAL;4PDMZ;male;marking;5;48.466961;-18.983003;10/07/2019 14:00;July;2019
4PD191MC;4PDMZ;male;marking;1;48.463092;-18.980723;18/07/2018 09:22;July;2018
4PD193MC;4PDMZ;male;marking;1;48.462821;-18.980826;18/07/2018 09:22;July;2018
4PD194AL;4PDMZ;male;marking;2;48.462316;-18.980824;18/07/2018 09:22;July;2018
4PD196MC;4PDMZ;male;marking;1;48.461406;-18.980521;18/07/2018 09:22;July;2018
4PD197AL;4PDMZ;male;marking;1;48.461672;-18.980667;18/07/2018 09:22;July;2018
4PD198MC;4PDMZ;male;marking;2;48.46145;-18.981059;18/07/2018 09:22;July;2018
4PD202MC;4PDMZ;male;marking;2;48.461915;-18.982275;18/07/2018 09:22;July;2018
4PD205DD;4PDMZ;male;marking;2;48.46228;-18.982532;19/07/2018 07:36;July;2018
4PD207AL;4PDMZ;male;marking;1;48.463254;-18.982722;19/07/2018 07:36;July;2018
4PD208MC;4PDMZ;male;marking;4;48.463253;-18.982693;19/07/2018 07:36;July;2018
4PD209AL;4PDMZ;male;marking;1;48.463124;-18.982414;19/07/2018 07:36;July;2018
4PD210AL;4PDMZ;male;marking;1;48.463344;-18.982504;19/07/2018 07:36;July;2018
4PD211AL;4PDMZ;male;marking;3;48.4635;-18.98248;19/07/2018 07:36;July;2018
4PD215MC;4PDMZ;male;marking;3;48.465188;-18.98254;19/07/2018 07:36;July;2018
4PD216MC;4PDMZ;male;marking;3;48.465543;-18.982673;19/07/2018 07:36;July;2018
4PD219DD;4PDMZ;male;marking;2;48.466344;-18.98221;20/07/2018 07:46;July;2018
4PD220MC;4PDMZ;male;marking;3;48.466556;-18.982495;20/07/2018 07:46;July;2018
4PD221AL;4PDMZ;male;marking;1;48.466982;-18.982631;20/07/2018 07:46;July;2018
4PD363DAL;4PDMZ;male;marking;7;48.463587;-18.982366;13/08/2018 10:05;August;2018
4PD365AL;4PDMZ;male;marking;4;48.464061;-18.981882;13/08/2018 10:05;August;2018
4PD366MC;4PDMZ;male;marking;2;48.464234;-18.9815;13/08/2018 10:05;August;2018
4PD367MC;4PDMZ;male;marking;8;48.464361;-18.9812;13/08/2018 10:05;August;2018
4PD368AL;4PDMZ;male;marking;4;48.464036;-18.980927;13/08/2018 10:05;August;2018
4PD370DPL;4PDMZ;male;marking;10;48.46372;-18.980073;13/08/2018 10:05;August;2018
4PD374AL;4PDMZ;male;marking;1;48.462385;-18.980611;13/08/2018 10:05;August;2018
4PD375MC;4PDMZ;male;marking;4;48.46268;-18.980571;13/08/2018 10:05;August;2018
4PD377DD;4PDMZ;male;marking;9;48.462906;-18.980153;14/08/2018 07:41;August;2018
4PD379AL;4PDMZ;male;marking;3;48.462552;-18.980548;14/08/2018 07:41;August;2018
4PD382MC;4PDMZ;male;marking;5;48.461612;-18.980626;14/08/2018 07:41;August;2018
4PD383AL;4PDMZ;male;marking;2;48.461419;-18.980924;14/08/2018 07:41;August;2018
4PD384AL;4PDMZ;male;marking;5;48.460936;-18.980949;14/08/2018 07:41;August;2018
4PD385DPL;4PDMZ;male;marking;3;48.461152;-18.981158;14/08/2018 07:41;August;2018
4PD386MC;4PDMZ;male;marking;2;48.461407;-18.981473;14/08/2018 07:41;August;2018
4PD387AL;4PDMZ;male;marking;5;48.461624;-18.981753;14/08/2018 07:41;August;2018
4PD388AL;4PDMZ;male;marking;1;48.462029;-18.981788;14/08/2018 07:41;August;2018
4PD390DPL;4PDMZ;male;marking;1;48.462901;-18.982172;14/08/2018 07:41;August;2018
4PD391AL;4PDMZ;male;marking;1;48.462867;-18.982422;14/08/2018 07:41;August;2018
4PD394DD;4PDMZ;male;marking;6;48.463043;-18.983089;15/08/2018 09:04;August;2018
4PD395AL;4PDMZ;male;marking;3;48.463179;-18.982718;15/08/2018 09:04;August;2018
4PD396MC;4PDMZ;male;marking;2;48.463417;-18.982999;15/08/2018 09:04;August;2018
4PD399AL;4PDMZ;male;marking;1;48.464521;-18.983422;15/08/2018 09:04;August;2018
4PD400MC;4PDMZ;male;marking;1;48.464957;-18.983283;15/08/2018 09:04;August;2018
4PD401DPL;4PDMZ;male;marking;1;48.465439;-18.983383;15/08/2018 09:04;August;2018
4PD402AL;4PDMZ;male;marking;1;48.465629;-18.983766;15/08/2018 09:04;August;2018
4PD403MC;4PDMZ;male;marking;1;48.465897;-18.983745;15/08/2018 09:04;August;2018
4PD404AL;4PDMZ;male;marking;3;48.465979;-18.983654;15/08/2018 09:04;August;2018
4PD150DOR;4PDMZ;female;marking;1;48.466873;-18.981887;19/06/2018 06:48;June;2018
4PD160MC;4PDMZ;female;marking;1;48.463534;-18.982601;19/06/2018 06:48;June;2018
4PD165MC;4PDMZ;female;marking;1;48.462284;-18.982616;19/06/2018 06:48;June;2018
4PD171DDO;4PDMZ;female;marking;2;48.462576;-18.983172;20/06/2018 07:15;June;2018
4PD172AL;4PDMZ;female;marking;1;48.462501;-18.983121;20/06/2018 07:15;June;2018
4PD183MC;4PDMZ;female;marking;1;48.462441;-18.980613;20/06/2018 07:15;June;2018
4PD19-101MA;4PDMZ;female;marking;1;48.465892;-18.983361;10/07/2019 08:06;July;2019
4PD19-102MAL;4PDMZ;female;marking;1;48.465892;-18.983361;10/07/2019 08:06;July;2019
4PD19-105MAL;4PDMZ;female;marking;1;48.4654;-18.982813;10/07/2019 08:06;July;2019
4PD19-107MAL;4PDMZ;female;marking;1;48.465107;-18.98213;10/07/2019 08:06;July;2019
4PD19-110MA;4PDMZ;female;marking;2;48.4654;-18.982334;11/07/2019 04:44;July;2019
4PD19-111MA;4PDMZ;female;marking;2;48.465615;-18.982601;11/07/2019 04:44;July;2019
4PD19-112MAL;4PDMZ;female;marking;1;48.465628;-18.983161;11/07/2019 04:44;July;2019
4PD19-115MAL;4PDMZ;female;marking;1;48.465092;-18.984165;11/07/2019 04:44;July;2019
4PD19-117MA;4PDMZ;female;marking;1;48.46463;-18.984378;11/07/2019 04:44;July;2019
4PD19-121MAL;4PDMZ;female;marking;2;48.463723;-18.983594;11/07/2019 04:44;July;2019
4PD19-123MA;4PDMZ;female;marking;1;48.463617;-18.982802;11/07/2019 04:44;July;2019
4PD19-124MAL;4PDMZ;female;marking;1;48.463525;-18.982312;11/07/2019 04:44;July;2019
4PD19-126D-MAL;4PDMZ;female;marking;1;48.465216;-18.982154;12/08/2019 04:13;August;2019
4PD19-127MAL;4PDMZ;female;marking;1;48.465434;-18.982503;12/08/2019 04:13;August;2019
4PD19-128MAL;4PDMZ;female;marking;1;48.465838;-18.982703;12/08/2019 04:13;August;2019
4PD19-130MAL;4PDMZ;female;marking;2;48.466212;-18.982547;12/08/2019 04:13;August;2019
4PD19-131MAL;4PDMZ;female;marking;2;48.465712;-18.982444;12/08/2019 04:13;August;2019
4PD19-137D-MAL;4PDMZ;female;marking;2;48.465273;-18.983736;13/08/2019 04:36;August;2019
4PD19-140MAL;4PDMZ;female;marking;2;48.465396;-18.984574;13/08/2019 04:36;August;2019
4PD19-143MAL;4PDMZ;female;marking;1;48.464453;-18.983984;13/08/2019 04:36;August;2019
4PD19-145MAL;4PDMZ;female;marking;1;48.463698;-18.983549;13/08/2019 04:36;August;2019
4PD19-147MA;4PDMZ;female;marking;1;48.463124;-18.983132;13/08/2019 04:36;August;2019
4PD19-154D-MAL;4PDMZ;female;marking;4;48.463149;-18.980364;14/08/2019 06:34;August;2019
4PD19-155MAL;4PDMZ;female;marking;3;48.462669;-18.980467;14/08/2019 06:34;August;2019
4PD19-16DPL;4PDMZ;female;marking;2;48.46316;-18.98034;18/09/2019 11:35;September;2019
4PD19-19MAL;4PDMZ;female;marking;1;48.46275;-18.98043;18/09/2019 11:35;September;2019
4PD19-21MAL;4PDMZ;female;marking;1;48.46265;-18.98074;18/09/2019 11:35;September;2019
4PD19-22MAL;4PDMZ;female;marking;1;48.46285;-18.98107;18/09/2019 11:35;September;2019
4PD19-27AL;4PDMZ;female;marking;1;48.46272;-18.98227;18/09/2019 11:35;September;2019
4PD19-29MAL;4PDMZ;female;marking;2;48.46322;-18.98271;18/09/2019 11:35;September;2019
4PD19-38MAL;4PDMZ;female;marking;1;48.46572;-18.98380;31/05/2019 06:08;May;2019
4PD19-42MAL;4PDMZ;female;marking;3;48.46492;-18.98362;31/05/2019 06:08;May;2019
4PD19-49MAL;4PDMZ;female;marking;1;48.46366;-18.98284;31/05/2019 06:08;May;2019
4PD19-50GE-MA;4PDMZ;female;marking;3;48.46353;-18.98287;31/05/2019 06:08;May;2019
4PD19-58DOR;4PDMZ;female;marking;1;48.46261;-18.98312;31/05/2019 06:08;May;2019
4PD19-62MA;4PDMZ;female;marking;2;48.462548;-18.980494;08/07/2019 07:58;July;2019
4PD19-65MAL;4PDMZ;female;marking;2;48.461388;-18.98064;08/07/2019 07:58;July;2019
4PD19-66MAL;4PDMZ;female;marking;1;48.461139;-18.980861;08/07/2019 07:58;July;2019
4PD19-67MA;4PDMZ;female;marking;2;48.461132;-18.98121;08/07/2019 07:58;July;2019
4PD19-68MA;4PDMZ;female;marking;1;48.461416;-18.98129;08/07/2019 07:58;July;2019
4PD19-76DORMAL;4PDMZ;female;marking;3;48.463;-18.98222;09/07/2019 06:05;July;2019
4PD19-78MAL;4PDMZ;female;marking;2;48.463119;-18.982902;09/07/2019 06:05;July;2019
4PD19-79MAL;4PDMZ;female;marking;1;48.462896;-18.983203;09/07/2019 06:05;July;2019
4PD19-80MAL-REI9;4PDMZ;female;marking;2;48.462489;-18.983174;09/07/2019 06:05;July;2019
4PD19-82MAL;4PDMZ;female;marking;3;48.461945;-18.982825;09/07/2019 06:05;July;2019
4PD19-85MAL;4PDMZ;female;marking;2;48.462358;-18.982538;09/07/2019 06:05;July;2019
4PD19-87AL;4PDMZ;female;marking;1;48.463026;-18.98283;09/07/2019 06:05;July;2019
4PD19-91MA;4PDMZ;female;marking;1;48.464444;-18.982388;09/07/2019 06:05;July;2019
4PD19-96D-MAL;4PDMZ;female;marking;3;48.466525;-18.982343;10/07/2019 06:27;July;2019
4PD19-97MAL;4PDMZ;female;marking;4;48.466825;-18.982427;10/07/2019 06:27;July;2019
4PD19-98MA;4PDMZ;female;marking;3;48.46708;-18.982734;10/07/2019 06:27;July;2019
4PD19-99MAL;4PDMZ;female;marking;6;48.466961;-18.983003;10/07/2019 06:27;July;2019
4PD194AL;4PDMZ;female;marking;1;48.462316;-18.980824;18/07/2018 10:23;July;2018
4PD196MC;4PDMZ;female;marking;1;48.461406;-18.980521;18/07/2018 10:23;July;2018
4PD197AL;4PDMZ;female;marking;1;48.461672;-18.980667;18/07/2018 10:23;July;2018
4PD198MC;4PDMZ;female;marking;1;48.46145;-18.981059;18/07/2018 10:23;July;2018
4PD199AL;4PDMZ;female;marking;1;48.461575;-18.981403;18/07/2018 10:23;July;2018
4PD202MC;4PDMZ;female;marking;3;48.461915;-18.982275;18/07/2018 10:23;July;2018
4PD215MC;4PDMZ;female;marking;1;48.465188;-18.98254;19/07/2018 14:52;July;2018
4PD219DD;4PDMZ;female;marking;1;48.466344;-18.98221;20/07/2018 07:46;July;2018
4PD220MC;4PDMZ;female;marking;2;48.466556;-18.982495;20/07/2018 07:46;July;2018
4PD221AL;4PDMZ;female;marking;1;48.466982;-18.982631;20/07/2018 07:46;July;2018
4PD223MC;4PDMZ;female;marking;1;48.46762;-18.982421;20/07/2018 07:46;July;2018
4PD363DAL;4PDMZ;female;marking;2;48.463587;-18.982366;13/08/2018 10:05;August;2018
4PD365AL;4PDMZ;female;marking;1;48.464061;-18.981882;13/08/2018 10:05;August;2018
4PD366MC;4PDMZ;female;marking;1;48.464234;-18.9815;13/08/2018 10:05;August;2018
4PD367MC;4PDMZ;female;marking;3;48.464361;-18.9812;13/08/2018 10:05;August;2018
4PD368AL;4PDMZ;female;marking;2;48.464036;-18.980927;13/08/2018 10:05;August;2018
4PD369DPL;4PDMZ;female;marking;1;48.463792;-18.980525;13/08/2018 10:05;August;2018
4PD370DPL;4PDMZ;female;marking;4;48.46372;-18.980073;13/08/2018 10:05;August;2018
4PD375MC;4PDMZ;female;marking;2;48.46268;-18.980571;13/08/2018 10:05;August;2018
4PD377DD;4PDMZ;female;marking;1;48.462906;-18.980153;14/08/2018 07:05;August;2018
4PD378AL;4PDMZ;female;marking;1;48.462485;-18.98022;14/08/2018 07:05;August;2018
4PD379AL;4PDMZ;female;marking;2;48.462552;-18.980548;14/08/2018 07:05;August;2018
4PD382MC;4PDMZ;female;marking;3;48.461612;-18.980626;14/08/2018 07:05;August;2018
4PD384AL;4PDMZ;female;marking;1;48.460936;-18.980949;14/08/2018 07:05;August;2018
4PD385DPL;4PDMZ;female;marking;1;48.461152;-18.981158;14/08/2018 07:05;August;2018
4PD386MC;4PDMZ;female;marking;1;48.461407;-18.981473;14/08/2018 07:05;August;2018
4PD387AL;4PDMZ;female;marking;3;48.461624;-18.981753;14/08/2018 07:05;August;2018
4PD388AL;4PDMZ;female;marking;1;48.462029;-18.981788;14/08/2018 07:05;August;2018
4PD390DPL;4PDMZ;female;marking;1;48.462901;-18.982172;14/08/2018 07:05;August;2018
4PD391AL;4PDMZ;female;marking;1;48.462867;-18.982422;14/08/2018 07:05;August;2018
4PD394DD;4PDMZ;female;marking;1;48.463043;-18.983089;15/08/2018 09:04;August;2018
4PD400MC;4PDMZ;female;marking;1;48.464957;-18.983283;15/08/2018 09:04;August;2018
4PD404AL;4PDMZ;female;marking;1;48.465979;-18.983654;15/08/2018 09:04;August;2018
3PD19-001MA;3PDMZ;male;marking;4;48.46583;-18.96729;20/05/2019 04:27;May;2019
3PD19-002MA;3PDMZ;male;marking;1;48.46574;-18.96691;20/05/2019 04:27;May;2019
3PD19-005MA;3PDMZ;male;marking;2;48.46779;-18.96695;20/05/2019 04:27;May;2019
3PD19-006MA;3PDMZ;male;marking;2;48.46794;-18.96736;20/05/2019 04:27;May;2019
3PD19-007MA;3PDMZ;male;marking;2;48.46801;-18.96777;20/05/2019 04:27;May;2019
3PD19-012DPL;3PDMZ;male;marking;2;48.46895;-18.96896;20/05/2019 04:27;May;2019
3PD19-013MAL;3PDMZ;male;marking;5;48.46892;-18.96938;20/05/2019 04:27;May;2019
3PD19-015MAL;3PDMZ;male;marking;1;48.46855;-18.97001;20/05/2019 04:27;May;2019
3PD19-018MAL;3PDMZ;male;marking;1;48.46765;-18.96979;20/05/2019 04:27;May;2019
3PD19-021MA;3PDMZ;male;marking;2;48.46673;-18.97032;20/05/2019 04:27;May;2019
3PD19-025MA;3PDMZ;male;marking;1;48.46711;-18.96992;23/05/2019 05:37;May;2019
3PD19-026DPL;3PDMZ;male;marking;1;48.46751;-18.96979;23/05/2019 05:37;May;2019
3PD19-028MA;3PDMZ;male;marking;2;48.46754;-18.96911;23/05/2019 05:37;May;2019
3PD19-034MA;3PDMZ;male;marking;2;48.46877;-18.96847;23/05/2019 05:37;May;2019
3PD19-037AL;3PDMZ;male;marking;1;48.46747;-18.96803;23/05/2019 05:37;May;2019
3PD19-049MA;3PDMZ;male;marking;2;48.46501;-18.96739;24/05/2019 09:14;May;2019
3PD19-054MAL;3PDMZ;male;marking;4;48.46584;-18.96872;24/05/2019 09:14;May;2019
3PD19-057MAL;3PDMZ;male;marking;2;48.46583;-18.96988;24/05/2019 09:14;May;2019
3PD19-110MAL;3PDMZ;male;marking;1;48.46557;-18.970232;02/07/2019 12:22;July;2019
3PD19-112D-MA;3PDMZ;male;marking;1;48.465382;-18.970214;03/07/2019 04:08;July;2019
3PD19-113MAL;3PDMZ;male;marking;4;48.465599;-18.970171;03/07/2019 04:08;July;2019
3PD19-124MAL;3PDMZ;male;marking;3;48.468581;-18.968739;03/07/2019 04:08;July;2019
3PD19-128MAL;3PDMZ;male;marking;7;48.469299;-18.968223;03/07/2019 04:08;July;2019
3PD19-132MAL;3PDMZ;male;marking;2;48.468202;-18.968774;03/07/2019 04:08;July;2019
3PD19-136MAL;3PDMZ;male;marking;3;48.468599;-18.970123;04/07/2019 04:20;July;2019
3PD19-137MAL;3PDMZ;male;marking;1;48.468936;-18.969928;04/07/2019 04:20;July;2019
3PD19-138MAL;3PDMZ;male;marking;1;48.468948;-18.969458;04/07/2019 04:20;July;2019
3PD19-142MAL;3PDMZ;male;marking;5;48.468582;-18.968746;04/07/2019 04:20;July;2019
3PD19-145MAL;3PDMZ;male;marking;1;48.467512;-18.968085;04/07/2019 04:20;July;2019
3PD19-153D-MAL;3PDMZ;male;marking;6;48.465923;-18.967429;05/08/2019 04:32;August;2019
3PD19-154MAL;3PDMZ;male;marking;2;48.46546;-18.9675;05/08/2019 04:32;August;2019
3PD19-157MA;3PDMZ;male;marking;2;48.465737;-18.966557;05/08/2019 04:32;August;2019
3PD19-158MAL;3PDMZ;male;marking;1;48.466055;-18.966821;05/08/2019 04:32;August;2019
3PD19-159MAL;3PDMZ;male;marking;4;48.466607;-18.96676;05/08/2019 04:32;August;2019
3PD19-166D-MAL-REIX;3PDMZ;male;marking;4;48.468177;-18.968212;06/08/2019 04:10;August;2019
3PD19-167MAL-REIX;3PDMZ;male;marking;7;48.468708;-18.968251;06/08/2019 04:10;August;2019
3PD19-169MAL;3PDMZ;male;marking;4;48.469284;-18.967869;06/08/2019 04:10;August;2019
3PD19-174MA;3PDMZ;male;marking;2;48.468035;-18.967796;06/08/2019 04:10;August;2019
3PD19-176MA-REF2;3PDMZ;male;marking;3;48.467934;-18.968435;06/08/2019 04:10;August;2019
3PD19-177MAL;3PDMZ;male;marking;1;48.468436;-18.968606;06/08/2019 04:10;August;2019
3PD19-182MA;3PDMZ;male;marking;2;48.467419;-18.969858;07/08/2019 04:21;August;2019
3PD19-183MAL;3PDMZ;male;marking;1;48.466989;-18.969909;07/08/2019 04:21;August;2019
3PD19-184MA;3PDMZ;male;marking;3;48.466649;-18.969784;07/08/2019 04:21;August;2019
3PD19-187MAL;3PDMZ;male;marking;12;48.465754;-18.968916;07/08/2019 04:21;August;2019
3PD19-188MA;3PDMZ;male;marking;4;48.46573;-18.968513;07/08/2019 04:21;August;2019
3PD19-189MAL;3PDMZ;male;marking;2;48.465365;-18.968315;07/08/2019 04:21;August;2019
3PD19-191MA;3PDMZ;male;marking;5;48.465646;-18.967763;07/08/2019 04:21;August;2019
3PD19-192MAL;3PDMZ;male;marking;1;48.466097;-18.967673;07/08/2019 04:21;August;2019
3PD19-193MA-GE;3PDMZ;male;marking;5;48.465959;-18.967299;07/08/2019 04:21;August;2019
3PD19-194MAL;3PDMZ;male;marking;5;48.465917;-18.966864;07/08/2019 04:21;August;2019
3PD19-195MAL;3PDMZ;male;marking;5;48.46557;-18.966559;07/08/2019 04:21;August;2019
3PD19-196MAL;3PDMZ;male;marking;7;48.465145;-18.966726;07/08/2019 04:21;August;2019
3PD19-197MAL-GE;3PDMZ;male;marking;10;48.465226;-18.967118;07/08/2019 04:21;August;2019
3PD19-199MAL;3PDMZ;male;marking;3;48.465849;-18.967699;07/08/2019 04:21;August;2019
3PD19-204MAL;3PDMZ;male;marking;20;48.467325;-18.968128;08/08/2019 05:14;August;2019
3PD19-205MAL;3PDMZ;male;marking;5;48.467793;-18.968079;08/08/2019 05:14;August;2019
3PD19-206MAL;3PDMZ;male;marking;12;48.468201;-18.968206;08/08/2019 05:14;August;2019
3PD19-207MAL-REF2;3PDMZ;male;marking;10;48.46862;-18.96844;08/08/2019 05:14;August;2019
3PD19-208MAL;3PDMZ;male;marking;2;48.468806;-18.968909;08/08/2019 05:14;August;2019
3PD19-209MAL;3PDMZ;male;marking;4;48.469291;-18.968863;08/08/2019 05:14;August;2019
3PD19-210MAL;3PDMZ;male;marking;3;48.468867;-18.968972;08/08/2019 05:14;August;2019
3PD19-211MAL;3PDMZ;male;marking;4;48.468646;-18.969385;08/08/2019 05:14;August;2019
3PD19-64MAREIX;3PDMZ;male;marking;1;48.468525;-18.97001;24/06/2019 06:28;June;2019
3PD19-67MA;3PDMZ;male;marking;1;48.467885;-18.969437;24/06/2019 06:28;June;2019
3PD19-69MAL;3PDMZ;male;marking;1;48.468089;-18.968681;24/06/2019 06:28;June;2019
3PD19-70MAL;3PDMZ;male;marking;1;48.468492;-18.968643;24/06/2019 06:28;June;2019
3PD19-73MAL;3PDMZ;male;marking;1;48.469225;-18.968242;24/06/2019 06:28;June;2019
3PD19-75MAL;3PDMZ;male;marking;1;48.468691;-18.968397;24/06/2019 06:28;June;2019
3PD19-76MA;3PDMZ;male;marking;1;48.468464;-18.968747;24/06/2019 06:28;June;2019
3PD19-78MAL;3PDMZ;male;marking;3;48.466487;-18.969791;01/07/2019 06:22;July;2019
3PD19-79MAL;3PDMZ;male;marking;6;48.466841;-18.969862;01/07/2019 06:22;July;2019
3PD19-80AL;3PDMZ;male;marking;1;48.466977;-18.970123;01/07/2019 06:22;July;2019
3PD19-83MA;3PDMZ;male;marking;1;48.467925;-18.970139;01/07/2019 06:22;July;2019
3PD19-84DPL;3PDMZ;male;marking;1;48.467822;-18.969779;01/07/2019 06:22;July;2019
3PD19-87AL;3PDMZ;male;marking;1;48.467758;-18.969344;01/07/2019 06:22;July;2019
3PD19-89MA;3PDMZ;male;marking;1;48.467302;-18.968893;01/07/2019 06:22;July;2019
3PD19-92MAL;3PDMZ;male;marking;1;48.466196;-18.96907;01/07/2019 06:22;July;2019
3PD19-93MAL;3PDMZ;male;marking;1;48.465824;-18.969044;01/07/2019 06:22;July;2019
3PD19-95DORMAL;3PDMZ;male;marking;4;48.46576;-18.968813;02/07/2019 04:18;July;2019
3PD19-98MAL;3PDMZ;male;marking;1;48.466197;-18.967951;02/07/2019 04:18;July;2019
3PD307MC;3PDMZ;male;marking;2;48.466166;-18.970239;06/08/2018 07:39;August;2018
3PD308MC;3PDMZ;male;marking;1;48.46575;-18.970271;06/08/2018 07:39;August;2018
3PD309MC;3PDMZ;male;marking;1;48.465546;-18.970247;06/08/2018 07:39;August;2018
3PD310AL;3PDMZ;male;marking;2;48.465159;-18.970343;06/08/2018 07:39;August;2018
3PD311MC;3PDMZ;male;marking;3;48.464679;-18.970518;06/08/2018 07:39;August;2018
3PD313MC;3PDMZ;male;marking;2;48.464456;-18.971163;06/08/2018 07:39;August;2018
3PD315AL;3PDMZ;male;marking;3;48.464888;-18.97173;06/08/2018 07:39;August;2018
3PD318AL;3PDMZ;male;marking;2;48.465344;-18.971321;06/08/2018 07:39;August;2018
3PD322MC;3PDMZ;male;marking;1;48.46566;-18.97045;06/08/2018 07:39;August;2018
3PD324MC;3PDMZ;male;marking;5;48.465723;-18.970204;06/08/2018 07:39;August;2018
3PD326MC;3PDMZ;male;marking;1;48.466324;-18.97042;06/08/2018 07:39;August;2018
3PD327AL;3PDMZ;male;marking;2;48.466486;-18.970399;06/08/2018 07:39;August;2018
3PD328AL;3PDMZ;male;marking;1;48.466651;-18.970055;06/08/2018 07:39;August;2018
3PD330DD;3PDMZ;male;marking;2;48.467016;-18.969968;07/08/2018 09:57;August;2018
3PD331AL;3PDMZ;male;marking;1;48.466821;-18.969782;07/08/2018 09:57;August;2018
3PD335AL;3PDMZ;male;marking;1;48.467526;-18.968738;07/08/2018 09:57;August;2018
3PD336AL;3PDMZ;male;marking;3;48.467272;-18.968581;07/08/2018 09:57;August;2018
3PD337AL;3PDMZ;male;marking;2;48.466901;-18.968601;07/08/2018 09:57;August;2018
3PD338MC;3PDMZ;male;marking;3;48.466681;-18.968393;07/08/2018 09:57;August;2018
3PD341MC;3PDMZ;male;marking;7;48.465804;-18.968813;07/08/2018 09:57;August;2018
3PD345DD;3PDMZ;male;marking;2;48.465953;-18.969213;08/08/2018 07:00;August;2018
3PD346AL;3PDMZ;male;marking;1;48.46579;-18.969037;08/08/2018 07:00;August;2018
3PD347MC;3PDMZ;male;marking;3;48.465712;-18.968685;08/08/2018 07:00;August;2018
3PD348DPL;3PDMZ;male;marking;1;48.466217;-18.968587;08/08/2018 07:00;August;2018
3PD351DPL;3PDMZ;male;marking;3;48.46618;-18.967797;08/08/2018 07:00;August;2018
3PD356AL;3PDMZ;male;marking;1;48.464969;-18.967365;08/08/2018 07:00;August;2018
3PD360MC;3PDMZ;male;marking;4;48.465407;-18.966929;08/08/2018 07:00;August;2018
3PD19-001MA;3PDMZ;female;marking;3;48.46583;-18.96729;20/05/2019 04:27;May;2019
3PD19-002MA;3PDMZ;female;marking;2;48.46574;-18.96691;20/05/2019 04:27;May;2019
3PD19-005MA;3PDMZ;female;marking;1;48.46779;-18.96695;20/05/2019 04:27;May;2019
3PD19-006MA;3PDMZ;female;marking;3;48.46794;-18.96736;20/05/2019 04:27;May;2019
3PD19-007MA;3PDMZ;female;marking;1;48.46801;-18.96777;20/05/2019 04:27;May;2019
3PD19-012DPL;3PDMZ;female;marking;3;48.46895;-18.96896;20/05/2019 04:27;May;2019
3PD19-013MAL;3PDMZ;female;marking;2;48.46892;-18.96938;20/05/2019 04:27;May;2019
3PD19-018MAL;3PDMZ;female;marking;1;48.46765;-18.96979;20/05/2019 04:27;May;2019
3PD19-020AL;3PDMZ;female;marking;1;48.46700;-18.97032;23/05/2019 05:37;May;2019
3PD19-028MA;3PDMZ;female;marking;1;48.46754;-18.96911;23/05/2019 05:37;May;2019
3PD19-038AL;3PDMZ;female;marking;1;48.46567;-18.96682;23/05/2019 11:09;May;2019
3PD19-041D;3PDMZ;female;marking;1;48.46597;-18.96776;24/05/2019 04:34;May;2019
3PD19-055MA;3PDMZ;female;marking;1;48.46591;-18.96916;24/05/2019 04:34;May;2019
3PD19-101AL;3PDMZ;female;marking;1;48.466135;-18.967479;02/07/2019 10:02;July;2019
3PD19-102AL;3PDMZ;female;marking;1;48.466207;-18.967822;02/07/2019 10:02;July;2019
3PD19-110MAL;3PDMZ;female;marking;1;48.46557;-18.970232;02/07/2019 10:02;July;2019
3PD19-112D-MA;3PDMZ;female;marking;1;48.465382;-18.970214;03/07/2019 04:08;July;2019
3PD19-113MAL;3PDMZ;female;marking;1;48.465599;-18.970171;03/07/2019 04:08;July;2019
3PD19-116MAL;3PDMZ;female;marking;2;48.466538;-18.97019;03/07/2019 04:08;July;2019
3PD19-124MAL;3PDMZ;female;marking;3;48.468581;-18.968739;03/07/2019 04:08;July;2019
3PD19-128MAL;3PDMZ;female;marking;2;48.469299;-18.968223;03/07/2019 04:08;July;2019
3PD19-131AL;3PDMZ;female;marking;1;48.468479;-18.968592;03/07/2019 04:08;July;2019
3PD19-132MAL;3PDMZ;female;marking;1;48.468202;-18.968774;03/07/2019 04:08;July;2019
3PD19-136MAL;3PDMZ;female;marking;1;48.468599;-18.970123;04/07/2019 04:20;July;2019
3PD19-137MAL;3PDMZ;female;marking;2;48.468936;-18.969928;04/07/2019 04:20;July;2019
3PD19-142MAL;3PDMZ;female;marking;1;48.468582;-18.968746;04/07/2019 04:20;July;2019
3PD19-145MAL;3PDMZ;female;marking;1;48.467512;-18.968085;04/07/2019 04:20;July;2019
3PD19-153D-MAL;3PDMZ;female;marking;4;48.465923;-18.967429;05/08/2019 10:52;August;2019
3PD19-156MAL;3PDMZ;female;marking;1;48.465297;-18.966669;05/08/2019 10:52;August;2019
3PD19-157MA;3PDMZ;female;marking;1;48.465737;-18.966557;05/08/2019 10:52;August;2019
3PD19-158MAL;3PDMZ;female;marking;1;48.466055;-18.966821;05/08/2019 10:52;August;2019
3PD19-159MAL;3PDMZ;female;marking;1;48.466607;-18.96676;05/08/2019 10:52;August;2019
3PD19-166D-MAL-REIX;3PDMZ;female;marking;3;48.468177;-18.968212;06/08/2019 04:10;August;2019
3PD19-167MAL-REIX;3PDMZ;female;marking;1;48.468708;-18.968251;06/08/2019 04:10;August;2019
3PD19-169MAL;3PDMZ;female;marking;4;48.469284;-18.967869;06/08/2019 04:10;August;2019
3PD19-175MAL;3PDMZ;female;marking;1;48.467787;-18.967991;06/08/2019 04:10;August;2019
3PD19-176MA-REF2;3PDMZ;female;marking;2;48.467934;-18.968435;06/08/2019 04:10;August;2019
3PD19-177MAL;3PDMZ;female;marking;2;48.468436;-18.968606;06/08/2019 04:10;August;2019
3PD19-187MAL;3PDMZ;female;marking;1;48.465754;-18.968916;07/08/2019 05:57;August;2019
3PD19-189MAL;3PDMZ;female;marking;1;48.465365;-18.968315;07/08/2019 05:57;August;2019
3PD19-191MA;3PDMZ;female;marking;1;48.465646;-18.967763;07/08/2019 05:57;August;2019
3PD19-193MA-GE;3PDMZ;female;marking;1;48.465959;-18.967299;07/08/2019 05:57;August;2019
3PD19-194MAL;3PDMZ;female;marking;1;48.465917;-18.966864;07/08/2019 05:57;August;2019
3PD19-195MAL;3PDMZ;female;marking;2;48.46557;-18.966559;07/08/2019 05:57;August;2019
3PD19-196MAL;3PDMZ;female;marking;1;48.465145;-18.966726;07/08/2019 05:57;August;2019
3PD19-197MAL-GE;3PDMZ;female;marking;1;48.465226;-18.967118;07/08/2019 05:57;August;2019
3PD19-199MAL;3PDMZ;female;marking;1;48.465849;-18.967699;07/08/2019 05:57;August;2019
3PD19-201MA;3PDMZ;female;marking;2;48.466519;-18.96862;08/08/2019 04:36;August;2019
3PD19-204MAL;3PDMZ;female;marking;2;48.467325;-18.968128;08/08/2019 04:36;August;2019
3PD19-206MAL;3PDMZ;female;marking;3;48.468201;-18.968206;08/08/2019 04:36;August;2019
3PD19-207MAL-REF2;3PDMZ;female;marking;1;48.46862;-18.96844;08/08/2019 04:36;August;2019
3PD19-209MAL;3PDMZ;female;marking;1;48.469291;-18.968863;08/08/2019 04:36;August;2019
3PD19-211MAL;3PDMZ;female;marking;1;48.468646;-18.969385;08/08/2019 04:36;August;2019
3PD19-64MAREIX;3PDMZ;female;marking;2;48.468525;-18.97001;24/06/2019 05:51;June;2019
3PD19-69MAL;3PDMZ;female;marking;3;48.468089;-18.968681;24/06/2019 05:51;June;2019
3PD19-70MAL;3PDMZ;female;marking;1;48.468492;-18.968643;24/06/2019 05:51;June;2019
3PD19-73MAL;3PDMZ;female;marking;2;48.469225;-18.968242;24/06/2019 05:51;June;2019
3PD19-75MAL;3PDMZ;female;marking;1;48.468691;-18.968397;24/06/2019 05:51;June;2019
3PD19-76MA;3PDMZ;female;marking;1;48.468464;-18.968747;24/06/2019 05:51;June;2019
3PD19-78MAL;3PDMZ;female;marking;1;48.466487;-18.969791;01/07/2019 06:22;July;2019
3PD19-79MAL;3PDMZ;female;marking;3;48.466841;-18.969862;01/07/2019 06:22;July;2019
3PD19-83MA;3PDMZ;female;marking;1;48.467925;-18.970139;01/07/2019 06:22;July;2019
3PD19-89MA;3PDMZ;female;marking;1;48.467302;-18.968893;01/07/2019 06:22;July;2019
3PD19-93MAL;3PDMZ;female;marking;1;48.465824;-18.969044;01/07/2019 06:22;July;2019
3PD19-98MAL;3PDMZ;female;marking;1;48.466197;-18.967951;02/07/2019 06:37;July;2019
3PD307MC;3PDMZ;female;marking;2;48.466166;-18.970239;06/08/2018 07:39;August;2018
3PD308MC;3PDMZ;female;marking;1;48.46575;-18.970271;06/08/2018 07:39;August;2018
3PD309MC;3PDMZ;female;marking;1;48.465546;-18.970247;06/08/2018 07:39;August;2018
3PD310AL;3PDMZ;female;marking;2;48.465159;-18.970343;06/08/2018 07:39;August;2018
3PD311MC;3PDMZ;female;marking;4;48.464679;-18.970518;06/08/2018 07:39;August;2018
3PD312MC;3PDMZ;female;marking;1;48.464538;-18.970937;06/08/2018 07:39;August;2018
3PD313MC;3PDMZ;female;marking;2;48.464456;-18.971163;06/08/2018 07:39;August;2018
3PD315AL;3PDMZ;female;marking;1;48.464888;-18.97173;06/08/2018 07:39;August;2018
3PD318AL;3PDMZ;female;marking;1;48.465344;-18.971321;06/08/2018 07:39;August;2018
3PD319AL;3PDMZ;female;marking;1;48.465742;-18.971285;06/08/2018 07:39;August;2018
3PD324MC;3PDMZ;female;marking;4;48.465723;-18.970204;06/08/2018 07:39;August;2018
3PD327AL;3PDMZ;female;marking;3;48.466486;-18.970399;06/08/2018 07:39;August;2018
3PD330DD;3PDMZ;female;marking;3;48.467016;-18.969968;07/08/2018 07:52;August;2018
3PD331AL;3PDMZ;female;marking;2;48.466821;-18.969782;07/08/2018 07:52;August;2018
3PD335AL;3PDMZ;female;marking;1;48.467526;-18.968738;07/08/2018 07:52;August;2018
3PD338MC;3PDMZ;female;marking;2;48.466681;-18.968393;07/08/2018 07:52;August;2018
3PD341MC;3PDMZ;female;marking;2;48.465804;-18.968813;07/08/2018 07:52;August;2018
3PD345DD;3PDMZ;female;marking;1;48.465953;-18.969213;08/08/2018 07:00;August;2018
3PD346AL;3PDMZ;female;marking;2;48.46579;-18.969037;08/08/2018 07:00;August;2018
3PD347MC;3PDMZ;female;marking;2;48.465712;-18.968685;08/08/2018 07:00;August;2018
3PD351DPL;3PDMZ;female;marking;1;48.46618;-18.967797;08/08/2018 07:00;August;2018
3PD360MC;3PDMZ;female;marking;3;48.465407;-18.966929;08/08/2018 07:00;August;2018
2PD19-006MA;2PDMZ;male;marking;1;48.46615;-18.97311;13/05/2019 10:06;May;2019
2PD19-008AL;2PDMZ;male;marking;4;48.46596;-18.97368;13/05/2019 10:06;May;2019
2PD19-011MA;2PDMZ;male;marking;1;48.46511;-18.97393;13/05/2019 10:06;May;2019
2PD19-013MA;2PDMZ;male;marking;3;48.46493;-18.97440;13/05/2019 10:06;May;2019
2PD19-016DPL;2PDMZ;male;marking;2;48.46374;-18.97502;13/05/2019 10:06;May;2019
2PD19-018D;2PDMZ;male;marking;6;48.46331;-18.97608;14/05/2019 04:05;May;2019
2PD19-022MA;2PDMZ;male;marking;1;48.46326;-18.97552;14/05/2019 04:05;May;2019
2PD19-023MA;2PDMZ;male;marking;4;48.46316;-18.97515;14/05/2019 04:05;May;2019
2PD19-024MAL;2PDMZ;male;marking;1;48.46337;-18.97490;14/05/2019 04:05;May;2019
2PD19-026MAL;2PDMZ;male;marking;1;48.46290;-18.97479;14/05/2019 04:05;May;2019
2PD19-027MA;2PDMZ;male;marking;2;48.46270;-18.97500;14/05/2019 04:05;May;2019
2PD19-028RE_GR6;2PDMZ;male;marking;1;48.46227;-18.97502;14/05/2019 04:05;May;2019
2PD19-031MA;2PDMZ;male;marking;2;48.46339;-18.97468;14/05/2019 04:05;May;2019
2PD19-032AL;2PDMZ;male;marking;2;48.46370;-18.97457;14/05/2019 04:05;May;2019
2PD19-037AL;2PDMZ;male;marking;1;48.46596;-18.97399;14/05/2019 04:05;May;2019
2PD19-040AL;2PDMZ;male;marking;1;48.46677;-18.97337;14/05/2019 04:05;May;2019
2PD19-101AL;2PDMZ;male;marking;1;48.46746;-18.97630;17/06/2019 09:00;June;2019
2PD19-103MAL;2PDMZ;male;marking;6;48.46325;-18.97315;17/06/2019 09:00;June;2019
2PD19-104AL;2PDMZ;male;marking;1;48.46279;-18.97331;17/06/2019 09:00;June;2019
2PD19-106AL;2PDMZ;male;marking;1;48.46257;-18.97413;17/06/2019 09:00;June;2019
2PD19-108MAL;2PDMZ;male;marking;1;48.46185;-18.97448;17/06/2019 09:00;June;2019
2PD19-113AL;2PDMZ;male;marking;1;48.46262;-18.97509;17/06/2019 09:00;June;2019
2PD19-121DD;2PDMZ;male;marking;1;48.46559;-18.97404;18/06/2019 04:16;June;2019
2PD19-122MAL;2PDMZ;male;marking;1;48.46591;-18.97404;18/06/2019 04:16;June;2019
2PD19-123MAL;2PDMZ;male;marking;1;48.46596;-18.97364;18/06/2019 04:16;June;2019
2PD19-127MAL;2PDMZ;male;marking;1;48.46722;-18.97296;18/06/2019 04:16;June;2019
2PD19-181MAL;2PDMZ;male;marking;1;48.467261;-18.974566;22/07/2019 08:14;July;2019
2PD19-185MAL;2PDMZ;male;marking;3;48.467253;-18.97589;22/07/2019 08:14;July;2019
2PD19-187MAL;2PDMZ;male;marking;4;48.466453;-18.976026;22/07/2019 08:14;July;2019
2PD19-189MAL;2PDMZ;male;marking;1;48.465734;-18.975869;22/07/2019 08:14;July;2019
2PD19-192MAL;2PDMZ;male;marking;1;48.464846;-18.975504;22/07/2019 08:14;July;2019
2PD19-193MA;2PDMZ;male;marking;1;48.46451;-18.975746;22/07/2019 08:14;July;2019
2PD19-195MA;2PDMZ;male;marking;2;48.464249;-18.975751;22/07/2019 08:14;July;2019
2PD19-197MAL;2PDMZ;male;marking;1;48.463747;-18.975467;22/07/2019 08:14;July;2019
2PD19-200MAL;2PDMZ;male;marking;2;48.463373;-18.975363;23/07/2019 04:04;July;2019
2PD19-201MAL;2PDMZ;male;marking;4;48.462927;-18.975063;23/07/2019 04:04;July;2019
2PD19-204AL;2PDMZ;male;marking;2;48.463298;-18.974345;23/07/2019 04:04;July;2019
2PD19-206MAL;2PDMZ;male;marking;1;48.462871;-18.973778;23/07/2019 04:04;July;2019
2PD19-208MAL;2PDMZ;male;marking;1;48.463645;-18.973339;23/07/2019 04:04;July;2019
2PD19-209MA;2PDMZ;male;marking;2;48.463846;-18.973256;23/07/2019 04:04;July;2019
2PD19-217DOR MAL;2PDMZ;male;marking;1;48.46612;-18.974033;24/07/2019 08:17;July;2019
2PD19-220MAL;2PDMZ;male;marking;1;48.46587;-18.975203;24/07/2019 08:17;July;2019
2PD19-230MAL-GE;2PDMZ;male;marking;6;48.464043;-18.976367;25/07/2019 05:26;July;2019
2PD19-232MAL-REPD6;2PDMZ;male;marking;2;48.463299;-18.976454;25/07/2019 05:26;July;2019
2PD19-235MAL;2PDMZ;male;marking;1;48.464358;-18.975888;25/07/2019 05:26;July;2019
2PD19-236MAL;2PDMZ;male;marking;2;48.464718;-18.975625;25/07/2019 05:26;July;2019
2PD19-237MAL;2PDMZ;male;marking;2;48.465221;-18.975336;25/07/2019 05:26;July;2019
2PD19-243MAL;2PDMZ;male;marking;3;48.466455;-18.976015;25/07/2019 05:26;July;2019
2PD19-247REV1-MAL;2PDMZ;male;marking;13;48.463425;-18.975842;15/08/2019 05:22;August;2019
2PD19-251MA;2PDMZ;male;marking;1;48.464904;-18.976255;15/08/2019 05:22;August;2019
2PD19-252MAL;2PDMZ;male;marking;2;48.465244;-18.976541;15/08/2019 05:22;August;2019
2PD19-254MAL;2PDMZ;male;marking;1;48.46577;-18.975976;15/08/2019 05:22;August;2019
2PD19-255MAL;2PDMZ;male;marking;1;48.465619;-18.975557;15/08/2019 05:22;August;2019
2PD19-256MAL;2PDMZ;male;marking;5;48.465481;-18.975119;15/08/2019 05:22;August;2019
2PD19-260MAL;2PDMZ;male;marking;3;48.463737;-18.973155;19/08/2019 04:26;August;2019
2PD19-261MA-J;2PDMZ;male;marking;5;48.463441;-18.973107;19/08/2019 04:26;August;2019
2PD19-263MAL;2PDMZ;male;marking;3;48.463023;-18.973097;19/08/2019 04:26;August;2019
2PD19-265MAL;2PDMZ;male;marking;1;48.463277;-18.973823;19/08/2019 04:26;August;2019
2PD19-270MAL_RE-I6;2PDMZ;male;marking;4;48.463893;-18.974737;19/08/2019 04:26;August;2019
2PD19-272MAL;2PDMZ;male;marking;5;48.464472;-18.97498;19/08/2019 04:26;August;2019
2PD19-274MAL;2PDMZ;male;marking;1;48.465356;-18.97513;19/08/2019 04:26;August;2019
2PD19-277MAL;2PDMZ;male;marking;1;48.465645;-18.975661;19/08/2019 04:26;August;2019
2PD19-278MAL;2PDMZ;male;marking;1;48.465768;-18.97591;19/08/2019 04:26;August;2019
2PD19-281GE-MA;2PDMZ;male;marking;1;48.465833;-18.97665;19/08/2019 04:26;August;2019
2PD19-282DO-MA;2PDMZ;male;marking;1;48.465735;-18.976778;19/08/2019 04:26;August;2019
2PD19-283MAL;2PDMZ;male;marking;6;48.465658;-18.97678;20/08/2019 04:57;August;2019
2PD19-285MAL;2PDMZ;male;marking;1;48.465563;-18.976935;20/08/2019 04:57;August;2019
2PD19-287MAL;2PDMZ;male;marking;1;48.466562;-18.976025;20/08/2019 04:57;August;2019
2PD19-292MAL;2PDMZ;male;marking;3;48.465314;-18.97511;20/08/2019 04:57;August;2019
2PD19-295MAL;2PDMZ;male;marking;1;48.465597;-18.974175;20/08/2019 04:57;August;2019
2PD19-297DO-MA;2PDMZ;male;marking;3;48.465673;-18.974101;21/08/2019 03:59;August;2019
2PD19-300MAL;2PDMZ;male;marking;1;48.465934;-18.974008;21/08/2019 03:59;August;2019
2PD19-301MAL;2PDMZ;male;marking;9;48.465994;-18.973279;21/08/2019 03:59;August;2019
2PD19-302MAL;2PDMZ;male;marking;2;48.46568;-18.973063;21/08/2019 03:59;August;2019
2PD19-304MAL;2PDMZ;male;marking;10;48.465042;-18.972675;21/08/2019 03:59;August;2019
2PD19-305MAL;2PDMZ;male;marking;17;48.464923;-18.972885;21/08/2019 03:59;August;2019
2PD19-306MAL;2PDMZ;male;marking;2;48.464649;-18.972936;21/08/2019 03:59;August;2019
2PD19-308MA;2PDMZ;male;marking;5;48.464061;-18.972804;21/08/2019 03:59;August;2019
2PD19-310MAL-TOTEM;2PDMZ;male;marking;8;48.463663;-18.973316;21/08/2019 03:59;August;2019
2PD19-311MAL;2PDMZ;male;marking;7;48.46353;-18.973512;21/08/2019 03:59;August;2019
2PD19-317-MA;2PDMZ;male;marking;3;48.463619;-18.974787;22/08/2019 07:13;August;2019
2PD19-318MAL;2PDMZ;male;marking;1;48.463372;-18.974473;22/08/2019 07:13;August;2019
2PD19-319GEO-MAL;2PDMZ;male;marking;9;48.463444;-18.974174;22/08/2019 07:13;August;2019
2PD19-321MAL;2PDMZ;male;marking;1;48.464155;-18.974191;22/08/2019 07:13;August;2019
2PD19-323MAL;2PDMZ;male;marking;4;48.465007;-18.974361;22/08/2019 07:13;August;2019
2PD19-325MAL;2PDMZ;male;marking;4;48.465379;-18.975184;22/08/2019 07:13;August;2019
2PD19-47D;2PDMZ;male;marking;1;48.46539;-18.97418;15/05/2019 04:08;May;2019
2PD19-48AL;2PDMZ;male;marking;1;48.46584;-18.97426;15/05/2019 04:08;May;2019
2PD19-50MAL;2PDMZ;male;marking;2;48.46587;-18.97389;15/05/2019 04:08;May;2019
2PD19-51AL;2PDMZ;male;marking;2;48.46595;-18.97369;15/05/2019 04:08;May;2019
2PD19-52AL;2PDMZ;male;marking;2;48.46590;-18.97359;15/05/2019 04:08;May;2019
2PD19-54MAL;2PDMZ;male;marking;1;48.46608;-18.97311;15/05/2019 04:08;May;2019
2PD19-57AL;2PDMZ;male;marking;1;48.46653;-18.97254;15/05/2019 04:08;May;2019
2PD19-63MA;2PDMZ;male;marking;2;48.46590;-18.97403;15/05/2019 04:08;May;2019
2PD19-64MAL;2PDMZ;male;marking;3;48.46537;-18.97388;15/05/2019 04:08;May;2019
2PD19-66MAL;2PDMZ;male;marking;3;48.46495;-18.97437;15/05/2019 04:08;May;2019
2PD19-72AL;2PDMZ;male;marking;5;48.46253;-18.97597;16/05/2019 04:15;May;2019
2PD19-73MAL;2PDMZ;male;marking;5;48.46234;-18.97637;16/05/2019 04:15;May;2019
2PD19-74MA;2PDMZ;male;marking;2;48.46185;-18.97641;16/05/2019 04:15;May;2019
2PD19-75MAL;2PDMZ;male;marking;3;48.46116;-18.97665;16/05/2019 04:15;May;2019
2PD19-76DPL;2PDMZ;male;marking;1;48.46065;-18.97657;16/05/2019 04:15;May;2019
2PD19-77MAL;2PDMZ;male;marking;3;48.46108;-18.97666;16/05/2019 04:15;May;2019
2PD19-80MA;2PDMZ;male;marking;2;48.46230;-18.97606;16/05/2019 04:15;May;2019
2PD19-81AL;2PDMZ;male;marking;1;48.46281;-18.97622;16/05/2019 04:15;May;2019
2PD19-86MA;2PDMZ;male;marking;1;48.46394;-18.97571;16/05/2019 04:15;May;2019
2PD19-89MA;2PDMZ;male;marking;2;48.46481;-18.97549;16/05/2019 04:15;May;2019
2PD19-013MA;2PDMZ;female;marking;2;48.46493;-18.97440;13/05/2019 12:54;May;2019
2PD19-018D;2PDMZ;female;marking;1;48.46331;-18.97608;14/05/2019 04:05;May;2019
2PD19-022MA;2PDMZ;female;marking;1;48.46326;-18.97552;14/05/2019 04:05;May;2019
2PD19-023MA;2PDMZ;female;marking;1;48.46316;-18.97515;14/05/2019 04:05;May;2019
2PD19-031MA;2PDMZ;female;marking;1;48.46339;-18.97468;14/05/2019 04:05;May;2019
2PD19-032AL;2PDMZ;female;marking;1;48.46370;-18.97457;14/05/2019 04:05;May;2019
2PD19-103MAL;2PDMZ;female;marking;6;48.46325;-18.97315;17/06/2019 05:03;June;2019
2PD19-108MAL;2PDMZ;female;marking;3;48.46185;-18.97448;17/06/2019 05:03;June;2019
2PD19-122MAL;2PDMZ;female;marking;1;48.46591;-18.97404;18/06/2019 04:39;June;2019
2PD19-123MAL;2PDMZ;female;marking;1;48.46596;-18.97364;18/06/2019 04:39;June;2019
2PD19-126MAL;2PDMZ;female;marking;1;48.46680;-18.97300;18/06/2019 04:39;June;2019
2PD19-160MA;2PDMZ;female;marking;3;48.463192;-18.975127;20/06/2019 04:20;June;2019
2PD19-161DPL;2PDMZ;female;marking;1;48.462462;-18.975035;20/06/2019 04:20;June;2019
2PD19-164MAL;2PDMZ;female;marking;1;48.461907;-18.974754;20/06/2019 04:20;June;2019
2PD19-166MALRE8;2PDMZ;female;marking;2;48.461743;-18.974028;20/06/2019 04:20;June;2019
2PD19-170MAL;2PDMZ;female;marking;1;48.463391;-18.974183;20/06/2019 04:20;June;2019
2PD19-173MAL;2PDMZ;female;marking;3;48.463472;-18.973314;20/06/2019 04:20;June;2019
2PD19-176MAL;2PDMZ;female;marking;1;48.464718;-18.973318;20/06/2019 04:20;June;2019
2PD19-182MAL;2PDMZ;female;marking;2;48.467361;-18.974841;22/07/2019 07:53;July;2019
2PD19-185MAL;2PDMZ;female;marking;2;48.467253;-18.97589;22/07/2019 07:53;July;2019
2PD19-187MAL;2PDMZ;female;marking;2;48.466453;-18.976026;22/07/2019 07:53;July;2019
2PD19-189MAL;2PDMZ;female;marking;1;48.465734;-18.975869;22/07/2019 07:53;July;2019
2PD19-192MAL;2PDMZ;female;marking;1;48.464846;-18.975504;22/07/2019 07:53;July;2019
2PD19-200MAL;2PDMZ;female;marking;2;48.463373;-18.975363;23/07/2019 04:04;July;2019
2PD19-201MAL;2PDMZ;female;marking;4;48.462927;-18.975063;23/07/2019 04:04;July;2019
2PD19-203RE-MAL I3;2PDMZ;female;marking;1;48.463372;-18.974847;23/07/2019 04:04;July;2019
2PD19-204AL;2PDMZ;female;marking;1;48.463298;-18.974345;23/07/2019 04:04;July;2019
2PD19-206MAL;2PDMZ;female;marking;2;48.462871;-18.973778;23/07/2019 04:04;July;2019
2PD19-208MAL;2PDMZ;female;marking;2;48.463645;-18.973339;23/07/2019 04:04;July;2019
2PD19-212GE-MA;2PDMZ;female;marking;1;48.464959;-18.973193;23/07/2019 04:04;July;2019
2PD19-217DOR MAL;2PDMZ;female;marking;2;48.46612;-18.974033;24/07/2019 04:08;July;2019
2PD19-230MAL-GE;2PDMZ;female;marking;3;48.464043;-18.976367;25/07/2019 04:05;July;2019
2PD19-232MAL-REPD6;2PDMZ;female;marking;1;48.463299;-18.976454;25/07/2019 04:05;July;2019
2PD19-235MAL;2PDMZ;female;marking;2;48.464358;-18.975888;25/07/2019 04:05;July;2019
2PD19-237MAL;2PDMZ;female;marking;3;48.465221;-18.975336;25/07/2019 04:05;July;2019
2PD19-243MAL;2PDMZ;female;marking;4;48.466455;-18.976015;25/07/2019 04:05;July;2019
2PD19-247REV1-MAL;2PDMZ;female;marking;5;48.463425;-18.975842;15/08/2019 05:22;August;2019
2PD19-251MA;2PDMZ;female;marking;1;48.464904;-18.976255;15/08/2019 05:22;August;2019
2PD19-254MAL;2PDMZ;female;marking;1;48.46577;-18.975976;15/08/2019 05:22;August;2019
2PD19-256MAL;2PDMZ;female;marking;4;48.465481;-18.975119;15/08/2019 05:22;August;2019
2PD19-260MAL;2PDMZ;female;marking;2;48.463737;-18.973155;19/08/2019 04:26;August;2019
2PD19-261MA-J;2PDMZ;female;marking;2;48.463441;-18.973107;19/08/2019 04:26;August;2019
2PD19-263MAL;2PDMZ;female;marking;3;48.463023;-18.973097;19/08/2019 04:26;August;2019
2PD19-269GEMA;2PDMZ;female;marking;1;48.463774;-18.974652;19/08/2019 04:26;August;2019
2PD19-270MAL_RE-I6;2PDMZ;female;marking;1;48.463893;-18.974737;19/08/2019 04:26;August;2019
2PD19-272MAL;2PDMZ;female;marking;1;48.464472;-18.97498;19/08/2019 04:26;August;2019
2PD19-274MAL;2PDMZ;female;marking;1;48.465356;-18.97513;19/08/2019 04:26;August;2019
2PD19-277MAL;2PDMZ;female;marking;1;48.465645;-18.975661;19/08/2019 04:26;August;2019
2PD19-281GE-MA;2PDMZ;female;marking;1;48.465833;-18.97665;19/08/2019 04:26;August;2019
2PD19-283MAL;2PDMZ;female;marking;5;48.465658;-18.97678;20/08/2019 04:57;August;2019
2PD19-284MAL;2PDMZ;female;marking;1;48.466012;-18.977089;20/08/2019 04:57;August;2019
2PD19-285MAL;2PDMZ;female;marking;3;48.465563;-18.976935;20/08/2019 04:57;August;2019
2PD19-287MAL;2PDMZ;female;marking;2;48.466562;-18.976025;20/08/2019 04:57;August;2019
2PD19-292MAL;2PDMZ;female;marking;3;48.465314;-18.97511;20/08/2019 04:57;August;2019
2PD19-295MAL;2PDMZ;female;marking;1;48.465597;-18.974175;20/08/2019 04:57;August;2019
2PD19-304MAL;2PDMZ;female;marking;4;48.465042;-18.972675;21/08/2019 08:23;August;2019
2PD19-305MAL;2PDMZ;female;marking;9;48.464923;-18.972885;21/08/2019 08:23;August;2019
2PD19-308MA;2PDMZ;female;marking;1;48.464061;-18.972804;21/08/2019 08:23;August;2019
2PD19-310MAL-TOTEM;2PDMZ;female;marking;4;48.463663;-18.973316;21/08/2019 08:23;August;2019
2PD19-317-MA;2PDMZ;female;marking;1;48.463619;-18.974787;22/08/2019 07:13;August;2019
2PD19-319GEO-MAL;2PDMZ;female;marking;2;48.463444;-18.974174;22/08/2019 07:13;August;2019
2PD19-321MAL;2PDMZ;female;marking;1;48.464155;-18.974191;22/08/2019 07:13;August;2019
2PD19-323MAL;2PDMZ;female;marking;1;48.465007;-18.974361;22/08/2019 07:13;August;2019
2PD19-48AL;2PDMZ;female;marking;1;48.46584;-18.97426;15/05/2019 04:18;May;2019
2PD19-50MAL;2PDMZ;female;marking;2;48.46587;-18.97389;15/05/2019 04:18;May;2019
2PD19-51AL;2PDMZ;female;marking;4;48.46595;-18.97369;15/05/2019 04:18;May;2019
2PD19-52AL;2PDMZ;female;marking;2;48.46590;-18.97359;15/05/2019 04:18;May;2019
2PD19-54MAL;2PDMZ;female;marking;2;48.46608;-18.97311;15/05/2019 04:18;May;2019
2PD19-57AL;2PDMZ;female;marking;3;48.46653;-18.97254;15/05/2019 04:18;May;2019
2PD19-60MA;2PDMZ;female;marking;1;48.46664;-18.97317;15/05/2019 04:18;May;2019
2PD19-63MA;2PDMZ;female;marking;1;48.46590;-18.97403;15/05/2019 04:18;May;2019
2PD19-64MAL;2PDMZ;female;marking;2;48.46537;-18.97388;15/05/2019 04:18;May;2019
2PD19-66AL;2PDMZ;female;marking;1;48.46495;-18.97437;15/05/2019 04:18;May;2019
8PD136MA;8PDMZ;female;marking;1; 48.460849 ; -18.973268 ;28/08/2019 04:47;August;2019
8PD141REFUL-MAL;8PDMZ;female;marking;1; 48.458967 ; -18.974075 ;28/08/2019 04:47;August;2019
8PD143MAL-REFUL;8PDMZ;female;marking;4; 48.458362 ; -18.973345 ;28/08/2019 04:47;August;2019
8PD146MA;8PDMZ;female;marking;2; 48.458372 ; -18.974389 ;28/08/2019 04:47;August;2019
8PD147MA;8PDMZ;female;marking;2; 48.458604 ; -18.974524 ;28/08/2019 04:47;August;2019
8PD148MAL;8PDMZ;female;marking;2; 48.45887 ; -18.974191 ;28/08/2019 04:47;August;2019
8PD154MAL;8PDMZ;female;marking;2; 48.460343 ; -18.974822 ;28/08/2019 04:47;August;2019
8PD133MAL;8PDMZ;male;marking;4; 48.462112 ; -18.973836 ;28/08/2019 04:47;August;2019
8PD134MA;8PDMZ;male;marking;1; 48.461844 ; -18.97342 ;28/08/2019 04:47;August;2019
8PD136MA;8PDMZ;male;marking;2; 48.460849 ; -18.973268 ;28/08/2019 04:47;August;2019
8PD141REFUL-MAL;8PDMZ;male;marking;1; 48.458362 ; -18.973345 ;28/08/2019 04:47;August;2019
8PD143MAL-REFUL;8PDMZ;male;marking;9; 48.458362 ; -18.973345 ;28/08/2019 04:47;August;2019
8PD145MAL;8PDMZ;male;marking;3; 48.458135 ; -18.974128 ;28/08/2019 04:47;August;2019
8PD146MA;8PDMZ;male;marking;2; 48.458372 ; -18.974389 ;28/08/2019 04:47;August;2019
8PD147MA;8PDMZ;male;marking;6; 48.458604 ; -18.974524 ;28/08/2019 04:47;August;2019
8PD148MAL;8PDMZ;male;marking;4; 48.45887 ; -18.974191 ;28/08/2019 04:47;August;2019
8PD149MAL;8PDMZ;male;marking;1; 48.459202 ; -18.974263 ;28/08/2019 04:47;August;2019
8PD150MAL;8PDMZ;male;marking;2; 48.459386 ; -18.974557 ;28/08/2019 04:47;August;2019
8PD151MA;8PDMZ;male;marking;1; 48.459456 ; -18.974885 ;28/08/2019 04:47;August;2019
8PD152MA;8PDMZ;male;marking;2; 48.459749 ; -18.974784 ;28/08/2019 04:47;August;2019
8PD153GE-MA;8PDMZ;male;marking;1; 48.46012 ; -18.974842 ;28/08/2019 04:47;August;2019
8PD154MAL;8PDMZ;male;marking;2; 48.460343 ; -18.974822 ;28/08/2019 04:47;August;2019
8PD159MAL;8PDMZ;female;marking;2; 48.458799 ; -18.972056 ;29/08/2019 06:02;August;2019
8PD160MA;8PDMZ;female;marking;1; 48.458452 ; -18.971747 ;29/08/2019 06:02;August;2019
8PD161MAL-GEO;8PDMZ;female;marking;2; 48.458964 ; -18.971555 ;29/08/2019 06:02;August;2019
8PD165MAL;8PDMZ;female;marking;2; 48.460548 ; -18.971832 ;29/08/2019 06:02;August;2019
8PD169GE-MAL;8PDMZ;female;marking;3; 48.462105 ; -18.971262 ;29/08/2019 06:02;August;2019
8PD171MAL;8PDMZ;female;marking;2; 48.463007 ; -18.971407 ;29/08/2019 06:02;August;2019
8PD173MAL;8PDMZ;female;marking;3; 48.464018 ; -18.971005 ;29/08/2019 06:02;August;2019
8PD174MAL;8PDMZ;female;marking;1; 48.464441 ; -18.971226 ;29/08/2019 06:02;August;2019
8PD175MA;8PDMZ;female;marking;1; 48.4642 ; -18.971658 ;29/08/2019 06:02;August;2019
8PD177MA;8PDMZ;female;marking;3; 48.46406 ; -18.972158 ;29/08/2019 06:02;August;2019
8PD158MAL;8PDMZ;male;marking;2; 48.459474 ; -18.972253 ;29/08/2019 06:02;August;2019
8PD159MAL;8PDMZ;male;marking;4; 48.458799 ; -18.972056 ;29/08/2019 06:02;August;2019
8PD160MA;8PDMZ;male;marking;5; 48.458452 ; -18.971747 ;29/08/2019 06:02;August;2019
8PD161MAL-GEO;8PDMZ;male;marking;10; 48.458964 ; -18.971555 ;29/08/2019 06:02;August;2019
8PD163MAL;8PDMZ;male;marking;8; 48.459359 ; -18.971679 ;29/08/2019 06:02;August;2019
8PD165MAL;8PDMZ;male;marking;5; 48.460548 ; -18.971832 ;29/08/2019 06:02;August;2019
8PD166MAL;8PDMZ;male;marking;2; 48.460857 ; -18.971711 ;29/08/2019 06:02;August;2019
8PD167MA;8PDMZ;male;marking;1; 48.461319 ; -18.971511 ;29/08/2019 06:02;August;2019
8PD168MA;8PDMZ;male;marking;4; 48.461614 ; -18.971417 ;29/08/2019 06:02;August;2019
8PD169GE-MAL;8PDMZ;male;marking;6; 48.462105 ; -18.971262 ;29/08/2019 06:02;August;2019
8PD171MAL;8PDMZ;male;marking;4; 48.463007 ; -18.971407 ;29/08/2019 06:02;August;2019
8PD173MAL;8PDMZ;male;marking;7; 48.464018 ; -18.971005 ;29/08/2019 06:02;August;2019
8PD174MAL;8PDMZ;male;marking;1; 48.464441 ; -18.971226 ;29/08/2019 06:02;August;2019
8PD175MA;8PDMZ;male;marking;1; 48.4642 ; -18.971658 ;29/08/2019 06:02;August;2019
8PD177MA;8PDMZ;male;marking;5; 48.46406 ; -18.972158 ;29/08/2019 06:02;August;2019
8PD180MAL;8PDMZ;male;marking;1; 48.462948 ; -18.972876 ;29/08/2019 06:02;August;2019
6PD54MAL;6PDMZ;female;marking;2;48.463092;-18.978868;04/10/2019 05:41;October;2019
6PD55MAL;6PDMZ;female;marking;2;48.463519;-18.978578;04/10/2019 05:41;October;2019
6PD56MA;6PDMZ;female;marking;1;48.463438;-18.978006;04/10/2019 05:41;October;2019
6PD57MA;6PDMZ;female;marking;1;48.463637;-18.977776;04/10/2019 05:41;October;2019
6PD58MA;6PDMZ;female;marking;2;48.464042;-18.977304;04/10/2019 05:41;October;2019
6PD59MAL;6PDMZ;female;marking;1;48.464207;-18.977072;04/10/2019 05:41;October;2019
6PDF60MA;6PDMZ;female;marking;2;48.464173;-18.97673;04/10/2019 05:41;October;2019
6PD54MAL;6PDMZ;male;marking;2;48.463092;-18.978868;04/10/2019 05:41;October;2019
6PD55MAL;6PDMZ;male;marking;4;48.463519;-18.978578;04/10/2019 05:41;October;2019
6PD56MA;6PDMZ;male;marking;1;48.463438;-18.978006;04/10/2019 05:41;October;2019
6PD58MA;6PDMZ;male;marking;2;48.464042;-18.977304;04/10/2019 05:41;October;2019
6PD59MAL;6PDMZ;male;marking;2;48.464207;-18.977072;04/10/2019 05:41;October;2019
6PDF60MA;6PDMZ;male;marking;4;48.464173;-18.97673;04/10/2019 05:41;October;2019
6PD52MAL;6PDMZ;female;marking;1; 48.460085 ; -18.975392 ;04/10/2019 05:41;October;2019
6PD53MAL;6PDMZ;female;marking;4; 48.459828 ; -18.975669 ;04/10/2019 05:41;October;2019
6PD54MAL;6PDMZ;female;marking;3; 48.459835 ; -18.975914 ;04/10/2019 05:41;October;2019
6PD55MAL;6PDMZ;female;marking;3; 48.460244 ; -18.976399 ;04/10/2019 05:41;October;2019
6PD56REHXMA;6PDMZ;female;marking;1; 48.460566 ; -18.976506 ;04/10/2019 05:41;October;2019
6PD58MAL;6PDMZ;female;marking;2; 48.461349 ; -18.97658 ;04/10/2019 05:41;October;2019
6PD64MAL;6PDMZ;female;marking;1; 48.463317 ; -18.976486 ;05/09/2019 09:48;September;2019
6PD65MAL;6PDMZ;female;marking;6; 48.463679 ; -18.976516 ;05/09/2019 09:48;September;2019
6PD66MAL;6PDMZ;female;marking;12; 48.464187 ; -18.976478 ;05/09/2019 09:48;September;2019
6PD67MA;6PDMZ;female;marking;2; 48.464001 ; -18.977031 ;05/09/2019 09:48;September;2019
6PD70MAL;6PDMZ;female;marking;2; 48.463718 ; -18.977922 ;05/09/2019 09:48;September;2019
6PD52MAL;6PDMZ;male;marking;2; 48.460085 ; -18.975392 ;05/09/2019 04:19;September;2019
6PD53MAL;6PDMZ;male;marking;10; 48.459828 ; -18.975669 ;05/09/2019 04:19;September;2019
6PD54MAL;6PDMZ;male;marking;4; 48.459835 ; -18.975914 ;05/09/2019 04:19;September;2019
6PD55MAL;6PDMZ;male;marking;5; 48.460244 ; -18.976399 ;05/09/2019 04:19;September;2019
6PD56REHXMA;6PDMZ;male;marking;1; 48.460566 ; -18.976506 ;05/09/2019 04:19;September;2019
6PD57REFXMAL;6PDMZ;male;marking;2; 48.461021 ; -18.976883 ;05/09/2019 04:19;September;2019
6PD58MAL;6PDMZ;male;marking;3; 48.461349 ; -18.97658 ;05/09/2019 04:19;September;2019
6PD61MA;6PDMZ;male;marking;1; 48.462537 ; -18.97665 ;05/09/2019 04:19;September;2019
6PD62MAL;6PDMZ;male;marking;4; 48.463116 ; -18.976468 ;05/09/2019 04:19;September;2019
6PD63MAL;6PDMZ;male;marking;4; 48.463397 ; -18.976137 ;05/09/2019 04:19;September;2019
6PD64MAL;6PDMZ;male;marking;1; 48.463317 ; -18.976486 ;05/09/2019 04:19;September;2019
6PD65MAL;6PDMZ;male;marking;7; 48.463679 ; -18.976516 ;05/09/2019 04:19;September;2019
6PD66MAL;6PDMZ;male;marking;13; 48.464187 ; -18.976478 ;05/09/2019 04:19;September;2019
6PD67MA;6PDMZ;male;marking;6; 48.464001 ; -18.977031 ;05/09/2019 04:19;September;2019
6PD70MAL;6PDMZ;male;marking;2; 48.463718 ; -18.977922 ;05/09/2019 04:19;September;2019
4PDF163MAL;4PDMZ;female;marking;2; 48.466945 ; -18.982624 ;02/09/2019 04:42;September;2019
4PDF166MAL;4PDMZ;female;marking;1; 48.46596 ; -18.982208 ;02/09/2019 04:42;September;2019
4PDF169MA;4PDMZ;female;marking;4; 48.465305 ; -18.982676 ;02/09/2019 04:42;September;2019
4PDF171MAL;4PDMZ;female;marking;1; 48.46489 ; -18.983146 ;02/09/2019 04:42;September;2019
4PDF172MAL;4PDMZ;female;marking;2; 48.464508 ; -18.983322 ;02/09/2019 04:42;September;2019
4PDF173MAL;4PDMZ;female;marking;2; 48.464108 ; -18.98338 ;02/09/2019 04:42;September;2019
4PDF178MAL;4PDMZ;female;marking;2; 48.463285 ; -18.983084 ;02/09/2019 04:42;September;2019
4PDF180MA;4PDMZ;female;marking;1; 48.463661 ; -18.982756 ;02/09/2019 04:42;September;2019
4PDF163MAL;4PDMZ;male;marking;8; 48.466945 ; -18.982624 ;02/09/2019 04:42;September;2019
4PDF164MA;4PDMZ;male;marking;1; 48.46596 ; -18.982208 ;02/09/2019 04:42;September;2019
4PDF166MAL;4PDMZ;male;marking;2; 48.46596 ; -18.982208 ;02/09/2019 04:42;September;2019
4PDF168MA;4PDMZ;male;marking;1; 48.465753 ; -18.982688 ;02/09/2019 04:42;September;2019
4PDF169MA;4PDMZ;male;marking;3; 48.465305 ; -18.982676 ;02/09/2019 04:42;September;2019
4PDF171MAL;4PDMZ;male;marking;1; 48.46489 ; -18.983146 ;02/09/2019 04:42;September;2019
4PDF172MAL;4PDMZ;male;marking;3; 48.464508 ; -18.983322 ;02/09/2019 04:42;September;2019
4PDF173MAL;4PDMZ;male;marking;1; 48.464108 ; -18.98338 ;02/09/2019 04:42;September;2019
4PDF174MA;4PDMZ;male;marking;1; 48.463859 ; -18.983597 ;02/09/2019 04:42;September;2019
4PDF178MAL;4PDMZ;male;marking;2; 48.463285 ; -18.983084 ;02/09/2019 04:42;September;2019
4PDF62MAL;4PDMZ;female;marking;3;48.462852;-18.981296;02/09/2019 04:42;September;2019
4PDF63MAL;4PDMZ;female;marking;3;48.463333;-18.981372;02/09/2019 04:42;September;2019
4PDF65MAL;4PDMZ;female;marking;2;48.464732;-18.982078;02/09/2019 04:42;September;2019
4PDF62MAL;4PDMZ;male;marking;5;48.462852;-18.981296;02/09/2019 04:42;September;2019
4PDF63MAL;4PDMZ;male;marking;3;48.463333;-18.981372;02/09/2019 04:42;September;2019
4PDF64MAL;4PDMZ;male;marking;1;48.463829;-18.981646;02/09/2019 04:42;September;2019
3PDF01MAL;3PDMZ;female;marking;1;48.468308;-18.969237;08/10/2019 04:57;October;2019
3PDF02MAL;3PDMZ;male;marking;1;48.467434;-18.969022;08/10/2019 04:57;October;2019
3PDF07MAL;3PDMZ;female;marking;1; 48.4679 ; -18.966951 ;20/05/2019 08:28;May;2019
3PDF10MAL;3PDMZ;female;marking;1; 48.46593 ; -18.967184 ;20/05/2019 08:28;May;2019
3PDF05MAL;3PDMZ;male;marking;2; 48.468113 ; -18.96758 ;20/05/2019 08:28;May;2019
3PDF06MAL;3PDMZ;male;marking;1; 48.468123 ; -18.967113 ;20/05/2019 08:28;May;2019
3PDF09MAL;3PDMZ;male;marking;2; 48.467012 ; -18.967382 ;20/05/2019 08:28;May;2019
3PD16MAL;3PDMZ;female;marking;2; 48.465958 ; -18.967182 ;20/05/2019 08:28;May;2019
3PD17MAL-RE-F3;3PDMZ;female;marking;2; 48.466089 ; -18.967389 ;20/05/2019 08:28;May;2019
3PDF14DOR;3PDMZ;female;marking;1; 48.465452 ; -18.966807 ;20/05/2019 08:28;May;2019
3PDF21MAL;3PDMZ;female;marking;1; 48.467218 ; -18.968778 ;20/05/2019 08:28;May;2019
3PDF24GE-MAL;3PDMZ;female;marking;1; 48.468033 ; -18.968218 ;23/05/2019 05:04;May;2019
3PDF25MAL;3PDMZ;female;marking;1; 48.468603 ; -18.96824 ;23/05/2019 05:04;May;2019
3PDF26MA;3PDMZ;female;marking;1; 48.469144 ; -18.968055 ;23/05/2019 05:04;May;2019
3PDF27MAL;3PDMZ;female;marking;1; 48.469101 ; -18.967721 ;23/05/2019 05:04;May;2019
3PDF28MA;3PDMZ;female;marking;1; 48.468735 ; -18.968312 ;23/05/2019 05:04;May;2019
3PD15MAL;3PDMZ;male;marking;1; 48.465464 ; -18.967185 ;23/05/2019 05:04;May;2019
3PD16MAL;3PDMZ;male;marking;3; 48.465958 ; -18.967182 ;23/05/2019 05:04;May;2019
3PD17MAL-RE-F3;3PDMZ;male;marking;1; 48.466089 ; -18.967389 ;23/05/2019 05:04;May;2019
3PDF15MAL;3PDMZ;male;marking;2; 48.465464 ; -18.967185 ;23/05/2019 05:04;May;2019
3PDF18DF18MA;3PDMZ;male;marking;1; 48.466239 ; -18.96759 ;23/05/2019 05:04;May;2019
3PDF19MAL;3PDMZ;male;marking;1; 48.466463 ; -18.968044 ;23/05/2019 05:04;May;2019
3PDF21MAL;3PDMZ;male;marking;2; 48.467218 ; -18.968778 ;23/05/2019 05:04;May;2019
3PDF24GE-MAL;3PDMZ;male;marking;3; 48.468033 ; -18.968218 ;23/05/2019 05:04;May;2019
3PDF25MAL;3PDMZ;male;marking;2; 48.468603 ; -18.96824 ;23/05/2019 05:04;May;2019
3PDF26MA;3PDMZ;male;marking;1; 48.469144 ; -18.968055 ;23/05/2019 05:04;May;2019
3PDF28MA;3PDMZ;male;marking;1; 48.468735 ; -18.968312 ;23/05/2019 05:04;May;2019
3PDF29MAL;3PDMZ;male;marking;1; 48.46852 ; -18.96879 ;23/05/2019 05:04;May;2019
3PD214DOR-MAL;3PDMZ;female;marking;1; 48.468142 ; -18.969679 ;27/08/2019 04:14;August;2019
3PD216MAL-RE-RU;3PDMZ;female;marking;1; 48.468627 ; -18.96844 ;27/08/2019 04:14;August;2019
3PD217MAL;3PDMZ;female;marking;2; 48.468081 ; -18.968153 ;27/08/2019 04:14;August;2019
3PD214DOR-MAL;3PDMZ;male;marking;5; 48.468142 ; -18.969679 ;27/08/2019 04:14;August;2019
3PD215RE-FU-MAL;3PDMZ;male;marking;1; 48.468318 ; -18.968994 ;27/08/2019 04:14;August;2019
3PD216MAL-RE-RU;3PDMZ;male;marking;4; 48.468627 ; -18.96844 ;27/08/2019 04:14;August;2019
3PD217MAL;3PDMZ;male;marking;5; 48.468081 ; -18.968153 ;27/08/2019 04:14;August;2019
3PD219MAL;3PDMZ;male;marking;1; 48.467529 ; -18.96798 ;27/08/2019 04:14;August;2019
2PD02MAL;2PDMZ;female;marking;3; 48.469169 ; -18.976266 ;06/09/2019 07:26;September;2019
2PD03MAL GE;2PDMZ;female;marking;2; 48.46885 ; -18.976461 ;06/09/2019 07:26;September;2019
2PD04MAL;2PDMZ;female;marking;1; 48.468303 ; -18.976433 ;06/09/2019 07:26;September;2019
2PD02MAL;2PDMZ;male;marking;1; 48.469169 ; -18.976266 ;06/09/2019 07:26;September;2019
2PD03MAL GE;2PDMZ;male;marking;3; 48.46885 ; -18.976461 ;06/09/2019 07:26;September;2019
2PD04MAL;2PDMZ;male;marking;2; 48.468303 ; -18.976433 ;06/09/2019 07:26;September;2019
2PD05DPL;2PDMZ;male;marking;1; 48.467776 ; -18.976404 ;06/09/2019 07:26;September;2019
102;2PDMZ;female;marking;1;48.462875;-18.973764;03/12/2019;December;2019
107;2PDMZ;female;marking;2;48.464192;-18.976173;03/12/2019;December;2019
108;2PDMZ;female;marking;3;48.46454;-18.975829;03/12/2019;December;2019
102;2PDMZ;male;marking;7;48.462875;-18.973764;03/12/2019;December;2019
104;2PDMZ;male;marking;4;48.463442;-18.97488;03/12/2019;December;2019
105;2PDMZ;male;marking;1;48.463474;-18.975267;03/12/2019;December;2019
106;2PDMZ;male;marking;4;48.464074;-18.975684;03/12/2019;December;2019
107;2PDMZ;male;marking;1;48.464192;-18.976173;03/12/2019;December;2019
108;2PDMZ;male;marking;8;48.46454;-18.975829;03/12/2019;December;2019
109;2PDMZ;male;marking;1;48.464853;-18.975226;03/12/2019;December;2019
78;2PDMZ;female;marking;2;48.466931;-18.974281;05/11/2019;November;2019
81;2PDMZ;female;marking;2;48.466318;-18.973116;05/11/2019;November;2019
83;2PDMZ;female;marking;1;48.46513;-18.97281;05/11/2019;November;2019
84;2PDMZ;female;marking;3;48.464469;-18.97272;05/11/2019;November;2019
78;2PDMZ;male;marking;1;48.466931;-18.974281;05/11/2019;November;2019
81;2PDMZ;male;marking;2;48.466318;-18.973116;05/11/2019;November;2019
83;2PDMZ;male;marking;2;48.46513;-18.97281;05/11/2019;November;2019
84;2PDMZ;male;marking;1;48.464469;-18.97272;05/11/2019;November;2019
88;2PDMZ;female;marking;2;48.463043;-18.974725;06/11/2019;November;2019
96;2PDMZ;female;marking;1;48.465205;-18.975155;06/11/2019;November;2019
90;2PDMZ;male;marking;2;48.463438;-18.975405;06/11/2019;November;2019
91;2PDMZ;male;marking;1;48.463928;-18.975514;06/11/2019;November;2019
94;2PDMZ;male;marking;1;48.464586;-18.976132;06/11/2019;November;2019
96;2PDMZ;male;marking;1;48.465205;-18.975155;06/11/2019;November;2019
99;2PDMZ;male;marking;2;48.466586;-18.974948;06/11/2019;November;2019
5;3PDMZ;female;marking;1;48.464475;-18.970861;07/11/2019;November;2019
7;3PDMZ;female;marking;3;48.46482;-18.971712;07/11/2019;November;2019
8;3PDMZ;female;marking;1;48.465251;-18.971335;07/11/2019;November;2019
10;3PDMZ;female;marking;1;48.465924;-18.97024;07/11/2019;November;2019
5;3PDMZ;male;marking;4;48.464475;-18.970861;07/11/2019;November;2019
6;3PDMZ;male;marking;1;48.464528;-18.971323;07/11/2019;November;2019
7;3PDMZ;male;marking;1;48.46482;-18.971712;07/11/2019;November;2019
8;3PDMZ;male;marking;3;48.465251;-18.971335;07/11/2019;November;2019
80;3PDMZ;female;marking;1;48.466452;-18.969893;10/12/2019;December;2019
81;3PDMZ;female;marking;1;48.466124;-18.969458;10/12/2019;December;2019
83;3PDMZ;female;marking;1;48.466722;-18.968389;10/12/2019;December;2019
85;3PDMZ;female;marking;4;48.467677;-18.968212;10/12/2019;December;2019
87;3PDMZ;female;marking;13;48.467768;-18.967309;10/12/2019;December;2019
89;3PDMZ;female;marking;2;48.466909;-18.966828;10/12/2019;December;2019
90;3PDMZ;female;marking;3;48.466557;-18.966633;10/12/2019;December;2019
91;3PDMZ;female;marking;5;48.466104;-18.96687;10/12/2019;December;2019
92;3PDMZ;female;marking;1;48.465792;-18.966447;10/12/2019;December;2019
93;3PDMZ;female;marking;2;48.465407;-18.966024;10/12/2019;December;2019
95;3PDMZ;female;marking;3;48.464638;-18.966253;10/12/2019;December;2019
83;3PDMZ;male;marking;1;48.466722;-18.968389;10/12/2019;December;2019
87;3PDMZ;male;marking;3;48.467768;-18.967309;10/12/2019;December;2019
89;3PDMZ;male;marking;1;48.466909;-18.966828;10/12/2019;December;2019
95;3PDMZ;male;marking;1;48.464638;-18.966253;10/12/2019;December;2019
13;3PDMZ;female;marking;6;48.469219;-18.969392;11/11/2019;November;2019
14;3PDMZ;female;marking;2;48.469485;-18.968691;11/11/2019;November;2019
17;3PDMZ;female;marking;1;48.468602;-18.967734;11/11/2019;November;2019
21;3PDMZ;female;marking;1;48.46768;-18.967249;11/11/2019;November;2019
12;3PDMZ;male;marking;2;48.469151;-18.969508;11/11/2019;November;2019
13;3PDMZ;male;marking;7;48.469219;-18.969392;11/11/2019;November;2019
21;3PDMZ;male;marking;4;48.46768;-18.967249;11/11/2019;November;2019
26;3PDMZ;male;marking;1;48.466321;-18.966784;11/11/2019;November;2019
27;3PDMZ;male;marking;2;48.46574;-18.966593;11/11/2019;November;2019
29;3PDMZ;female;marking;6;48.468214;-18.969922;12/11/2019;November;2019
30;3PDMZ;female;marking;3;48.468626;-18.969874;12/11/2019;November;2019
31;3PDMZ;female;marking;4;48.46897;-18.969448;12/11/2019;November;2019
37;3PDMZ;female;marking;1;48.467787;-18.967288;12/11/2019;November;2019
39;3PDMZ;female;marking;3;48.466826;-18.967092;12/11/2019;November;2019
43;3PDMZ;female;marking;1;48.466583;-18.968545;12/11/2019;November;2019
29;3PDMZ;male;marking;4;48.468214;-18.969922;12/11/2019;November;2019
31;3PDMZ;male;marking;1;48.46897;-18.969448;12/11/2019;November;2019
33;3PDMZ;male;marking;1;48.469003;-18.968785;12/11/2019;November;2019
34;3PDMZ;male;marking;2;48.46868;-18.968116;12/11/2019;November;2019
37;3PDMZ;male;marking;4;48.467787;-18.967288;12/11/2019;November;2019
38;3PDMZ;male;marking;3;48.467151;-18.967197;12/11/2019;November;2019
39;3PDMZ;male;marking;2;48.466826;-18.967092;12/11/2019;November;2019
40;3PDMZ;male;marking;1;48.466244;-18.967314;12/11/2019;November;2019
41;3PDMZ;male;marking;1;48.466212;-18.967747;12/11/2019;November;2019
42;3PDMZ;male;marking;4;48.466456;-18.968076;12/11/2019;November;2019
43;3PDMZ;male;marking;2;48.466583;-18.968545;12/11/2019;November;2019
44;3PDMZ;male;marking;1;48.466272;-18.968881;12/11/2019;November;2019
48;3PDMZ;female;marking;4;48.464254;-18.970424;13/11/2019;November;2019
51;3PDMZ;female;marking;2;48.464861;-18.970909;13/11/2019;November;2019
53;3PDMZ;female;marking;2;48.465031;-18.969878;13/11/2019;November;2019
57;3PDMZ;female;marking;1;48.466525;-18.969137;13/11/2019;November;2019
48;3PDMZ;male;marking;4;48.464254;-18.970424;13/11/2019;November;2019
49;3PDMZ;male;marking;1;48.464382;-18.97089;13/11/2019;November;2019
51;3PDMZ;male;marking;1;48.464861;-18.970909;13/11/2019;November;2019
52;3PDMZ;male;marking;1;48.465118;-18.970428;13/11/2019;November;2019
56;3PDMZ;male;marking;1;48.465971;-18.969134;13/11/2019;November;2019
59;3PDMZ;male;marking;1;48.467225;-18.968751;13/11/2019;November;2019
67;4PDMZ;female;marking;2;48.464538;-18.982512;19/11/2019;November;2019
69;4PDMZ;female;marking;1;48.463996;-18.981789;19/11/2019;November;2019
70;4PDMZ;female;marking;5;48.463623;-18.981452;19/11/2019;November;2019
71;4PDMZ;female;marking;2;48.463289;-18.981246;19/11/2019;November;2019
72;4PDMZ;female;marking;3;48.462931;-18.980892;19/11/2019;November;2019
73;4PDMZ;female;marking;2;48.462693;-18.980541;19/11/2019;November;2019
76;4PDMZ;female;marking;5;48.461454;-18.980313;19/11/2019;November;2019
69;4PDMZ;male;marking;1;48.463996;-18.981789;19/11/2019;November;2019
71;4PDMZ;male;marking;2;48.463289;-18.981246;19/11/2019;November;2019
73;4PDMZ;male;marking;3;48.462693;-18.980541;19/11/2019;November;2019
76;4PDMZ;male;marking;1;48.461454;-18.980313;19/11/2019;November;2019
79;4PDMZ;female;marking;2;48.464518;-18.982937;21/11/2019;November;2019
83;4PDMZ;female;marking;1;48.463031;-18.98413;21/11/2019;November;2019
84;4PDMZ;female;marking;3;48.462831;-18.983826;21/11/2019;November;2019
78;4PDMZ;male;marking;1;48.46459;-18.982438;21/11/2019;November;2019
79;4PDMZ;male;marking;5;48.464518;-18.982937;21/11/2019;November;2019
82;4PDMZ;male;marking;2;48.46344;-18.984118;21/11/2019;November;2019
83;4PDMZ;male;marking;1;48.463031;-18.98413;21/11/2019;November;2019
84;4PDMZ;male;marking;5;48.462831;-18.983826;21/11/2019;November;2019
86;4PDMZ;male;marking;3;48.463489;-18.982982;21/11/2019;November;2019
78;4PDMZ;female;marking;1;48.465071;-18.982579;26/11/2019;November;2019
93;4PDMZ;female;marking;2;48.462826;-18.981866;26/11/2019;November;2019
97;4PDMZ;female;marking;4;48.462351;-18.983248;26/11/2019;November;2019
99;4PDMZ;female;marking;1;48.463193;-18.98325;26/11/2019;November;2019
78;4PDMZ;male;marking;2;48.465071;-18.982579;26/11/2019;November;2019
79;4PDMZ;male;marking;2;48.464631;-18.98247;26/11/2019;November;2019
92;4PDMZ;male;marking;6;48.463262;-18.981976;26/11/2019;November;2019
93;4PDMZ;male;marking;3;48.462826;-18.981866;26/11/2019;November;2019
96;4PDMZ;male;marking;1;48.462058;-18.982802;26/11/2019;November;2019
97;4PDMZ;male;marking;2;48.462351;-18.983248;26/11/2019;November;2019
99;4PDMZ;male;marking;1;48.463193;-18.98325;26/11/2019;November;2019
103;4PDMZ;female;marking;2;48.463028;-18.981566;28/11/2019;November;2019
104;4PDMZ;female;marking;4;48.463127;-18.982089;28/11/2019;November;2019
105;4PDMZ;female;marking;1;48.463327;-18.982518;28/11/2019;November;2019
106;4PDMZ;female;marking;2;48.463539;-18.982908;28/11/2019;November;2019
107;4PDMZ;female;marking;1;48.463332;-18.983335;28/11/2019;November;2019
109;4PDMZ;female;marking;4;48.464414;-18.983935;28/11/2019;November;2019
110;4PDMZ;female;marking;1;48.464835;-18.984213;28/11/2019;November;2019
111;4PDMZ;female;marking;2;48.46528;-18.984507;28/11/2019;November;2019
103;4PDMZ;male;marking;3;48.463028;-18.981566;28/11/2019;November;2019
104;4PDMZ;male;marking;3;48.463127;-18.982089;28/11/2019;November;2019
106;4PDMZ;male;marking;4;48.463539;-18.982908;28/11/2019;November;2019
107;4PDMZ;male;marking;7;48.463332;-18.983335;28/11/2019;November;2019
